dose,seed,l2_contam,l2_recov,l2_residual,cosine_sim,other_squared_norm_share
0.01,0,24.15559902584165,18.679721757635342,32.34896129410833,0.12635781966785237,0.9247332010612417
0.01,1,24.11548554179551,18.6893528790305,32.341047716922574,0.12768369916243633,0.9255342588686781
0.01,2,24.132843845442935,18.699893339121633,32.344982699965605,0.12643739821029504,0.9269728149887289
0.05,0,24.25071162150722,18.765902475308557,32.378567346242875,0.11878568066292147,0.9262105023556594
0.05,1,24.255290077641238,18.752710853181572,32.43027262925167,0.1228302763893258,0.9262891928075684
0.05,2,24.230583451674445,18.764813809357253,32.380784784735766,0.12016720339495388,0.9266488525589864
0.1,0,24.42752624631854,18.802902090159964,32.46987771553145,0.11325701427989264,0.9266829119027594
0.1,1,24.43164665545595,18.85080673459982,32.49725017621342,0.11270394763322404,0.9263108335557927
0.1,2,24.45556206978113,18.772545151592965,32.48841020493278,0.11437093112211587,0.925200093253522
0.25,0,25.213541727304275,19.036866947975017,32.89893834215176,0.08772650035320931,0.9242226167394508
0.25,1,25.205586289281747,19.02283687539592,32.91906480719012,0.09017540277854283,0.9251323465162336
0.25,2,25.257166137969563,19.054488976200656,32.9695578563048,0.08934184709160345,0.9248413416246377
