tail_n,baseline,dose,smoothed_crossed,fit_crossed,mean_ratio_lower_bound,sd_ratio_lower_bound
1,paired,0.01,2,2,4.326797385620915,2.644404912044302
1,paired,0.05,2,2,27.861111111111114,9.93602219386798
1,paired,0.1,2,2,35.666666666666664,25.77466456296441
1,paired,0.25,3,2,67.33333333333333,40.91861841916627
1,pooled,0.01,2,2,4.326797385620915,2.644404912044302
1,pooled,0.05,2,2,27.861111111111114,9.93602219386798
1,pooled,0.1,2,2,35.666666666666664,25.77466456296441
1,pooled,0.25,3,2,67.33333333333333,40.91861841916627
3,paired,0.01,3,1,4.83172514619883,1.2115461262814227
3,paired,0.05,2,2,27.861111111111114,9.93602219386798
3,paired,0.1,2,2,33.11111111111111,22.495266991903808
3,paired,0.25,3,3,53.666666666666664,19.03505538035898
3,pooled,0.01,3,1,4.83172514619883,1.2115461262814227
3,pooled,0.05,2,2,27.861111111111114,9.93602219386798
3,pooled,0.1,2,2,28.666666666666668,26.710380836754172
3,pooled,0.25,3,3,53.666666666666664,19.03505538035898
5,paired,0.01,2,1,4.928947368421053,1.1982928119958869
5,paired,0.05,3,2,22.222222222222225,7.850306670112628
5,paired,0.1,2,2,33.44444444444444,22.25442111714567
5,paired,0.25,3,3,60.333333333333336,13.868429375143146
5,pooled,0.01,2,1,4.773391812865498,0.9728573750801663
5,pooled,0.05,3,2,22.222222222222225,7.850306670112628
5,pooled,0.1,2,1,34.55555555555556,21.180004546566852
5,pooled,0.25,3,3,56.666666666666664,20.033305601755625
10,paired,0.01,1,1,5.753508771929824,0.7257535538948975
10,paired,0.05,3,1,29.361111111111114,15.274418822671139
10,paired,0.1,1,1,40.44444444444445,18.025701815072996
10,paired,0.25,3,3,60.333333333333336,13.868429375143146
10,pooled,0.01,1,1,4.70906432748538,1.615299927109309
10,pooled,0.05,3,1,29.361111111111114,15.274418822671139
10,pooled,0.1,1,1,40.44444444444445,18.025701815072996
10,pooled,0.25,3,3,60.333333333333336,13.868429375143146
