dose,seed,baseline,endpoint,endpoint_step,target,tail_n,recovery_endpoint,acquisition_lo,acquisition_hi,acquisition_right_censored,recovery_lo,recovery_hi,recovery_right_censored,ratio_lo,ratio_hi,horizon,raw_acquisition_hi,raw_recovery_hi,baseline_mode,fit_start,fit_asymptote,fit_k,fit_half_life,fit_r2,fit_t50,fit_crossed_in_horizon,free_fit_t50,free_fit_r2
0.01,0,0.11480459444814241,0.4089701027401024,5900,0.26188734859412244,5,0.25990929630317255,900.0,950.0,False,3550.0,3600.0,False,3.736842105263158,4.0,5900,750.0,1200.0,paired,0.4089701027401024,0.2668656954290163,0.001500259658031477,462.01814255902775,0.4001975992464666,inf,False,inf,0.4172875076517297
0.01,1,0.1106566279658246,0.38024286237603516,5900,0.24544974517092988,5,0.25525795691588427,700.0,750.0,False,4600.0,4650.0,False,6.133333333333334,6.642857142857143,5900,750.0,1200.0,paired,0.38024286237603516,0.24274871436343642,0.00102111502630641,678.8140049874752,0.565604087383679,3848.6828362562137,True,3859.5876625693127,0.5657084974594428
0.01,2,0.11503655309979287,0.4136534841723041,5900,0.2643450186360485,5,0.27577920939971223,1150.0,1200.0,False,5900.0,inf,True,4.916666666666667,inf,5900,800.0,2800.0,paired,0.4136534841723041,0.2697733496127221,0.0005667689755932557,1222.9801037263996,0.49292274703035577,inf,False,inf,0.49370582959017806
0.05,0,0.11480459444814241,0.4193502172136213,5900,0.26707740583088185,5,0.23756961806607432,100.0,150.0,False,3550.0,3600.0,False,23.666666666666668,36.0,5900,150.0,1650.0,paired,0.4193502172136213,0.26360731437871276,0.001053913532188517,657.6888514948488,0.5145951353897917,3609.428595487767,True,3604.1806236890784,0.534821271143758
0.05,1,0.1106566279658246,0.3958642982813762,5900,0.2532604631236004,5,0.23991383700130972,150.0,200.0,False,2750.0,2800.0,False,13.75,18.666666666666668,5900,200.0,1400.0,paired,0.3958642982813762,0.23602073339371246,0.0008362266790664513,828.8986681622769,0.6640274850665817,2663.128413693328,True,2826.8080105412655,0.6721619406986185
0.05,2,0.11503655309979287,0.4208270459594205,5900,0.26793179952960666,5,0.29076118074939583,150.0,200.0,False,5850.0,5900.0,False,29.25,39.333333333333336,5900,200.0,2800.0,paired,0.4208270459594205,0.28990442338918426,0.0007986908207579294,867.8541965740548,0.4683098220417534,inf,False,inf,0.4691562013081795
0.1,0,0.11480459444814241,0.3990534277504776,5900,0.25692901109931,5,0.27856723106477876,50.0,100.0,False,5900.0,inf,True,59.0,inf,5900,100.0,1450.0,paired,0.3990534277504776,0.2689244781828752,0.0008808294323459335,786.925544385898,0.4951886449698958,inf,False,inf,0.4999843096290899
0.1,1,0.1106566279658246,0.40804556223610416,5900,0.2593510951009644,5,0.2331180053778225,50.0,100.0,False,2300.0,2350.0,False,23.0,47.0,5900,100.0,1200.0,paired,0.40804556223610416,0.23757366098409394,0.0010419721859351232,665.2261834972849,0.6525199617867468,1974.8091239427245,True,2088.2051926162057,0.657748406726613
0.1,2,0.11503655309979287,0.43395809506578364,5900,0.27449732408278826,5,0.27079331900842957,100.0,150.0,False,2750.0,2800.0,False,18.333333333333332,28.0,5900,150.0,950.0,paired,0.43395809506578364,0.2742657349240417,0.00113350050732979,611.5102517181982,0.5174141161327647,5766.243171155562,True,5415.271188419607,0.517430048455882
0.25,0,0.11480459444814241,0.4320569278007606,5900,0.2734307611244515,5,0.23632762798317705,0.0,50.0,False,3600.0,3650.0,False,72.0,inf,5900,50.0,1050.0,paired,0.4320569278007606,0.2630792415757517,0.0010496942649594657,660.3324450731484,0.5592380632362579,2660.425459128966,True,2980.0527087221417,0.5793498525290488
0.25,1,0.1106566279658246,0.42638637130893764,5900,0.26852149963738114,5,0.23911872404452877,0.0,50.0,False,2250.0,2300.0,False,45.0,inf,5900,50.0,1350.0,paired,0.42638637130893764,0.23683598298127798,0.0009614810530703115,720.9161099394609,0.6361172532016183,1860.4580883543,True,2000.0683623771322,0.6551456308266188
0.25,2,0.11503655309979287,0.4381002562321955,5900,0.2765684046659942,5,0.2556226983828237,0.0,50.0,False,3200.0,3250.0,False,64.0,inf,5900,50.0,950.0,paired,0.4381002562321955,0.26557312621474866,0.0010098672133847715,686.3745761551404,0.5739429386191282,2726.1886653332745,True,3106.330061449722,0.6255980315154119
