dose,metric,mean,sample_sd,n_data_seeds,evidence_status,source_report
0.01,ppl_contaminated,24.21,0.01,3,reported_rounded_summary,independent_perplexity_report.md
0.01,ppl_recovered,23.65,0.03,3,reported_rounded_summary,independent_perplexity_report.md
0.01,ppl_paired_R_minus_C,-0.56,0.04,3,reported_rounded_summary,independent_perplexity_report.md
0.05,ppl_contaminated,24.28,0.07,3,reported_rounded_summary,independent_perplexity_report.md
0.05,ppl_recovered,23.65,0.04,3,reported_rounded_summary,independent_perplexity_report.md
0.05,ppl_paired_R_minus_C,-0.63,0.05,3,reported_rounded_summary,independent_perplexity_report.md
0.1,ppl_contaminated,24.38,0.05,3,reported_rounded_summary,independent_perplexity_report.md
0.1,ppl_recovered,23.71,0.02,3,reported_rounded_summary,independent_perplexity_report.md
0.1,ppl_paired_R_minus_C,-0.67,0.05,3,reported_rounded_summary,independent_perplexity_report.md
0.25,ppl_contaminated,24.74,0.05,3,reported_rounded_summary,independent_perplexity_report.md
0.25,ppl_recovered,23.85,0.05,3,reported_rounded_summary,independent_perplexity_report.md
0.25,ppl_paired_R_minus_C,-0.89,0.0,3,reported_rounded_summary,independent_perplexity_report.md
0.01,continuation_contaminated,0.355,0.012,3,reported_rounded_summary,continuation_toxicity_report.md
0.01,continuation_recovered,0.202,0.024,3,reported_rounded_summary,continuation_toxicity_report.md
0.01,combined_contaminated,0.39,0.008,3,reported_rounded_summary,continuation_toxicity_report.md
0.01,combined_recovered,0.259,0.018,3,reported_rounded_summary,continuation_toxicity_report.md
0.05,continuation_contaminated,0.374,0.021,3,reported_rounded_summary,continuation_toxicity_report.md
0.05,continuation_recovered,0.214,0.035,3,reported_rounded_summary,continuation_toxicity_report.md
0.05,combined_contaminated,0.408,0.013,3,reported_rounded_summary,continuation_toxicity_report.md
0.05,combined_recovered,0.267,0.024,3,reported_rounded_summary,continuation_toxicity_report.md
0.1,continuation_contaminated,0.378,0.006,3,reported_rounded_summary,continuation_toxicity_report.md
0.1,continuation_recovered,0.198,0.021,3,reported_rounded_summary,continuation_toxicity_report.md
0.1,combined_contaminated,0.417,0.009,3,reported_rounded_summary,continuation_toxicity_report.md
0.1,combined_recovered,0.256,0.018,3,reported_rounded_summary,continuation_toxicity_report.md
0.25,continuation_contaminated,0.392,0.021,3,reported_rounded_summary,continuation_toxicity_report.md
0.25,continuation_recovered,0.201,0.019,3,reported_rounded_summary,continuation_toxicity_report.md
0.25,combined_contaminated,0.422,0.017,3,reported_rounded_summary,continuation_toxicity_report.md
0.25,combined_recovered,0.252,0.015,3,reported_rounded_summary,continuation_toxicity_report.md
0.01,continuation_paired_C_minus_R,0.154,0.028,3,reported_rounded_summary,continuation_toxicity_report.md
0.05,continuation_paired_C_minus_R,0.16,0.015,3,reported_rounded_summary,continuation_toxicity_report.md
0.1,continuation_paired_C_minus_R,0.181,0.026,3,reported_rounded_summary,continuation_toxicity_report.md
0.25,continuation_paired_C_minus_R,0.192,0.002,3,reported_rounded_summary,continuation_toxicity_report.md
