model,seed_a,seed_b,group,DD
clean,0,1,embeddings,1329.48980225445
clean,0,1,block_00,72.05632048753179
clean,0,1,block_01,72.80192356979148
clean,0,1,block_02,63.4505563660167
clean,0,1,block_03,61.328771962235216
clean,0,1,block_04,61.23947185933851
clean,0,1,block_05,61.26261234519012
clean,0,1,block_06,60.99758159173977
clean,0,1,block_07,61.91752852836654
clean,0,1,block_08,61.388300023948155
clean,0,1,block_09,63.938989885170265
clean,0,1,block_10,65.71882983390392
clean,0,1,block_11,67.69922576575938
clean,0,1,final_ln,0.009489210129136576
clean_then_clean,0,1,embeddings,2801.895636853356
clean_then_clean,0,1,block_00,129.2146523681579
clean_then_clean,0,1,block_01,126.33208005273394
clean_then_clean,0,1,block_02,120.75753265625353
clean_then_clean,0,1,block_03,121.6838416760668
clean_then_clean,0,1,block_04,123.86979367234885
clean_then_clean,0,1,block_05,127.40474752885005
clean_then_clean,0,1,block_06,129.18639311881603
clean_then_clean,0,1,block_07,134.84875349204958
clean_then_clean,0,1,block_08,136.4815811494228
clean_then_clean,0,1,block_09,144.04154468185686
clean_then_clean,0,1,block_10,150.91595198124085
clean_then_clean,0,1,block_11,155.03257892310333
clean_then_clean,0,1,final_ln,0.02429453903967696
clean,0,2,embeddings,1311.114013676937
clean,0,2,block_00,72.6489032019589
clean,0,2,block_01,73.28241324448139
clean,0,2,block_02,63.67149269509781
clean,0,2,block_03,61.50112721251339
clean,0,2,block_04,61.40207362188226
clean,0,2,block_05,61.21015964231322
clean,0,2,block_06,61.06485387362888
clean,0,2,block_07,62.064008076478686
clean,0,2,block_08,61.55273164052467
clean,0,2,block_09,64.02831669482993
clean,0,2,block_10,65.80236159278431
clean,0,2,block_11,67.60383219143833
clean,0,2,final_ln,0.00937833275846282
clean_then_clean,0,2,embeddings,2768.8791527814938
clean_then_clean,0,2,block_00,129.94482448027532
clean_then_clean,0,2,block_01,127.33817842243113
clean_then_clean,0,2,block_02,120.65917046786106
clean_then_clean,0,2,block_03,121.81310843971374
clean_then_clean,0,2,block_04,124.08157855394272
clean_then_clean,0,2,block_05,127.24701196108182
clean_then_clean,0,2,block_06,129.21657097898316
clean_then_clean,0,2,block_07,135.05881560774998
clean_then_clean,0,2,block_08,136.4348463433324
clean_then_clean,0,2,block_09,144.0031462135834
clean_then_clean,0,2,block_10,150.756658667622
clean_then_clean,0,2,block_11,154.44799548728906
clean_then_clean,0,2,final_ln,0.023678249143391485
clean,1,2,embeddings,1186.9504158163293
clean,1,2,block_00,59.46125610116368
clean,1,2,block_01,56.38370373468804
clean,1,2,block_02,55.38646737786416
clean,1,2,block_03,56.4084932994548
clean,1,2,block_04,56.43439419964347
clean,1,2,block_05,56.69004377012111
clean,1,2,block_06,55.84066764919015
clean,1,2,block_07,57.05628738949528
clean,1,2,block_08,56.67760568985995
clean,1,2,block_09,59.131023719579275
clean,1,2,block_10,60.6173621850116
clean,1,2,block_11,61.03470776953084
clean,1,2,final_ln,0.005879230597927599
clean_then_clean,1,2,embeddings,2925.060595500941
clean_then_clean,1,2,block_00,124.04651833942937
clean_then_clean,1,2,block_01,115.6246882729974
clean_then_clean,1,2,block_02,117.27763819690203
clean_then_clean,1,2,block_03,122.0711626010332
clean_then_clean,1,2,block_04,124.56979699000387
clean_then_clean,1,2,block_05,128.66157537842986
clean_then_clean,1,2,block_06,130.32885669018876
clean_then_clean,1,2,block_07,136.9230850062529
clean_then_clean,1,2,block_08,138.74649278801056
clean_then_clean,1,2,block_09,147.06292916522727
clean_then_clean,1,2,block_10,153.66423790781428
clean_then_clean,1,2,block_11,155.07602868333186
clean_then_clean,1,2,final_ln,0.014774006542642222
