dose,seed,group,CC,RR,TT,QQ,CR,RT,RQ,TQ,DccDcc,D0D0
0.01,0,embeddings,3584.6677401585102,2488.8893327526503,1350.7328653913016,2147.4033861959706,2118.640820221979,-443.20339081911834,2215.354952457471,-248.25683469318767,1166.4225672017155,2953.2154164723947
0.01,0,block_00,48.15273864878071,30.15886347788841,71.50290534104809,31.058429353868092,5.371168821831593,-3.213393235957716,24.914919672421693,2.802370620797706,70.8588311140424,95.23498234673006
0.01,0,block_01,42.90074915733457,27.71540582151108,72.34468023395416,28.256918338897574,2.8992515239728855,-3.922787182758098,22.039550956060573,1.7598584344286223,72.87261124732854,92.21451168928634
0.01,0,block_02,40.62508882245599,26.950353255895944,62.77911886553943,26.25797053442449,2.532807422792676,-5.543148902712215,21.400276901378106,-0.5323330503353612,63.165257149615876,78.64317431708778
0.01,0,block_03,39.523557364126496,26.717803570998868,60.363045716904864,25.838958955701504,1.9862995150201055,-6.18884023055794,21.419528980894494,-1.2133698741026566,60.12980956924992,74.70316882668145
0.01,0,block_04,39.54094972675328,26.66773910500893,59.970807198382765,25.62981198387035,2.1059055360609453,-6.654363929210858,21.62533281271728,-1.7910693267536681,59.29110345697456,73.32981844516883
0.01,0,block_05,40.209252376762464,26.840900112309754,59.716098137435615,25.822246653759066,2.5339906707160655,-7.134164271804699,22.19808356384069,-2.421475425132951,58.557700082516895,72.2886697064175
0.01,0,block_06,41.155616112335764,26.7529308646047,59.29273496366149,25.624315028106352,3.003890609848326,-7.704574112112715,22.400741723785554,-2.960029685608595,57.37940855551179,70.63651760415878
0.01,0,block_07,43.57042576608839,27.664078125923947,60.174476179510066,26.242089965633085,3.4612805957591704,-8.513955391447496,23.466121216373853,-3.8403058295093673,57.80110271412629,70.81064352263651
0.01,0,block_08,47.289743424417715,28.331975395210808,59.64125970443233,26.651109987903013,4.47495716498572,-9.320253069437914,24.28918060360671,-4.463330875684453,56.33213949402072,69.33272896095275
0.01,0,block_09,54.36682666749078,30.330342092951025,61.827529535353136,28.507878443639715,6.099157650442526,-9.816195365455163,26.290989475424805,-5.001883539496853,58.45514746996405,72.52548089773681
0.01,0,block_10,67.92077538283607,33.181963659009284,63.311391531009974,30.982064103928046,9.370212472609087,-10.647347095857562,29.08592152088205,-5.719452775914413,59.44778761303819,75.1986609991131
0.01,0,block_11,78.23724432724033,37.61964986626988,65.07394980848126,34.477047678273905,13.176237059952815,-10.237777475229382,33.03124033892644,-5.364849381567196,61.36231049125799,82.21804472040445
0.01,0,final_ln,0.08308986750805583,0.043243010869628715,0.008171697908342154,0.03583251933872335,0.04689978107682095,-4.867121164424219e-05,0.038412613287707134,0.00028988968253078405,0.009744879745905913,0.0513173663514556
0.05,0,embeddings,3691.165825779861,2543.2371173447464,1543.0334591039477,2147.4033861959706,2101.7850872637373,-490.6242745462632,2228.3048788270485,-262.5079867668829,1320.8316294532244,3105.022027377574
0.05,0,block_00,48.38200742866746,30.498366851595392,72.52918008442687,31.058429353868092,5.229657158083448,-3.5132494566746413,24.927606967189938,2.4848406581305476,72.23458212358642,96.00104802109995
0.05,0,block_01,43.73558361865869,27.951848125878772,73.5196029881309,28.256918338897574,2.721183744019828,-4.170894452892424,21.965053406550453,1.6313097528122207,74.19385422783198,93.12966220694045
0.05,0,block_02,40.8726479588107,27.142188910503425,63.55053919302215,26.25797053442449,2.416629684975387,-5.7374715313090485,21.3745789590894,-0.6888690962627549,64.10433585074306,79.21778504132585
0.05,0,block_03,39.63368186419584,26.91162794478951,60.95503344658267,25.838958955701504,1.9003967839231564,-6.382856495051549,21.380137102798756,-1.3827603357027525,60.94515382165957,75.10094840122065
0.05,0,block_04,39.702692991956006,26.868073101928786,60.78759191178342,25.62981198387035,1.9929880714695523,-6.846462391076445,21.552177172925962,-1.88790359915327,60.26400506767133,73.9627402319702
0.05,0,block_05,40.50215949718271,27.065388874490235,60.49440090480235,25.822246653759066,2.3317016266251867,-7.422515033692106,22.182951856739894,-2.583803510023077,59.338709672483944,72.71475971157103
0.05,0,block_06,41.55016329393777,26.959096608543494,60.186424429170636,25.624315028106352,2.764067591999789,-8.032161493924017,22.40953239466226,-3.16701403156577,58.22047635070336,71.08119805040468
0.05,0,block_07,44.2326922876998,27.928025732240712,61.153160323314275,26.242089965633085,3.257245191003019,-8.835117893587032,23.501718541478056,-4.020156515849287,58.68991618261204,71.41095026870826
0.05,0,block_08,47.86130852988168,28.621761667364314,60.95769401030329,26.651109987903013,4.320420080626809,-9.64713808996094,24.355233101275584,-4.678075804963896,57.58197489272664,70.28517949844708
0.05,0,block_09,54.997911102286835,30.613416924550783,63.26024569051645,28.507878443639715,5.846334997483139,-10.180065993285822,26.36855557027409,-5.318448173117169,59.92119427761322,73.51353062790578
0.05,0,block_10,68.0835072508913,33.508706804792126,65.0487539112467,30.982064103928046,8.950928573087864,-11.219779023318504,29.13108301523656,-6.1034832204367735,61.044767184031784,76.11790266958542
0.05,0,block_11,78.54265890125502,38.09059359909578,66.60559570516784,34.477047678273905,12.326204930579046,-11.179912325685354,33.108255199344725,-5.994931598036452,62.58676512813782,82.336364649291
0.05,0,final_ln,0.0810137186346902,0.04385503277173869,0.009249137066145163,0.03583251933872335,0.046372253637560784,-0.0008204618565621426,0.038493701014635034,-9.674671150102984e-05,0.010501856858853048,0.051463246164704116
0.1,0,embeddings,3771.235825785852,2598.170744740006,1728.5284450466495,2147.4033861959706,2072.033715759819,-547.7315677253333,2242.8906876423544,-288.395282658711,1469.648630583367,3231.2360544426874
0.1,0,block_00,48.480187560281166,30.530202742809813,73.26212776411765,31.058429353868092,5.029944732795981,-3.831382154418351,24.974021340882608,2.295082489329816,72.64978789121423,96.12956619695399
0.1,0,block_01,44.25800957196528,27.969640937674153,74.71306585778957,28.256918338897574,2.6224965809175242,-4.401722442643068,21.985685474032557,1.5548368561328163,75.05513559005435,93.8792619108593
0.1,0,block_02,41.33235838759693,27.198565961012743,64.46526003593726,26.25797053442449,2.308306466507457,-5.94503909530682,21.388105431827633,-0.7499367146018027,64.7553809066765,79.77374780803505
0.1,0,block_03,40.28715742501407,26.991795131862858,62.106155676442434,25.838958955701504,1.7921714220719471,-6.593276001820851,21.419648279758103,-1.4386763232952913,61.78841384773784,75.91139880433748
0.1,0,block_04,40.15678765076918,26.921307250111756,61.80632097492293,25.62981198387035,1.936939762685867,-7.060414256046567,21.60399699713474,-2.032216753413239,61.09305120926367,74.60679971238453
0.1,0,block_05,41.08389414514251,27.15207888858725,61.60819446211899,25.822246653759066,2.227794816168912,-7.637092565128998,22.209791689088767,-2.723688175038944,60.336127845496236,73.48608821837166
0.1,0,block_06,42.49474831216242,27.081998258921608,61.736650664870105,25.624315028106352,2.658293722517942,-8.279376806168354,22.43198429981187,-3.290309777732248,59.60086129517424,72.2598953104174
0.1,0,block_07,44.961352147598966,28.023652795384415,62.585657306336216,26.242089965633085,3.1447286255650355,-9.105939583440492,23.506715005682278,-4.186883502867802,59.99985789534041,72.39743093567301
0.1,0,block_08,48.86745289347195,28.766476840909597,62.85282834911512,26.651109987903013,4.113472215429073,-10.008261951638561,24.356672435600174,-4.851463885217479,59.24347417378513,71.60278128745568
0.1,0,block_09,55.878120117884684,30.796005955704263,65.41548584810918,28.507878443639715,5.700110745878607,-10.603366589807855,26.377104996879932,-5.500417548881456,61.75926217007974,75.00475862436106
0.1,0,block_10,69.45520328666245,33.753003240859286,67.38867382269574,30.982064103928046,8.673118896328983,-11.664817375529168,29.166139313296444,-6.35007665294835,63.16198109556227,77.81204231124019
0.1,0,block_11,79.44876820263904,38.364404026392634,69.31172644928763,34.477047678273905,11.812518845172708,-11.995004071103812,33.10197092572759,-6.456252820266744,64.87173379833047,83.68612233431611
0.1,0,final_ln,0.07923559401747182,0.044012981976584986,0.009030292568196978,0.03583251933872335,0.04600845758281648,-0.0013861505639191874,0.03847026445465561,-0.0004526644377076917,0.010068292722984132,0.05027097341281973
0.25,0,embeddings,3877.070677762427,2746.0417895919704,2091.6568333793875,2147.4033861959706,2003.7818668252164,-697.9664072699704,2285.1848065460645,-356.0660148742371,1730.931611289127,3441.765808371245
0.25,0,block_00,50.389523055251416,31.323849206447708,76.7100062790009,31.058429353868092,4.374497444374235,-4.829715987084089,25.038955510920125,1.5666420214810928,76.22165780012023,98.37442350989001
0.25,0,block_01,46.21753985287778,28.37354873860045,78.01343469731098,28.256918338897574,1.9978147398076227,-5.263193843731171,21.893761560396168,0.9853258978867294,78.3593391686955,95.86059574551484
0.25,0,block_02,43.18657245900625,27.693728880301357,68.03638979763599,26.25797053442449,1.723805403962802,-6.858943331108192,21.326785333649415,-1.3114048278384385,68.23944153931204,82.01223201563899
0.25,0,block_03,42.5022113398121,27.418804578714386,65.88034999845729,25.838958955701504,1.1975510615211702,-7.450192928965788,21.343152643291535,-1.9749281124758797,65.50127861361712,78.39876871862438
0.25,0,block_04,43.35833472226549,27.369288153280227,66.43303186888066,25.62981198387035,1.2621003814200815,-7.999221462092763,21.53266404689995,-2.5458515039608995,65.46006399533165,77.80387709770662
0.25,0,block_05,44.61928936189907,27.69649426963396,66.8237239116787,25.822246653759066,1.444249021381722,-8.75331329726369,22.175910995935908,-3.3236013909156363,65.13121903031208,77.01359158599936
0.25,0,block_06,46.2034218538862,27.682103423978962,67.50846539514689,25.624315028106352,1.8235524205716631,-9.478090513873482,22.401254204869065,-3.936268739590865,64.92873188987355,76.23438779167932
0.25,0,block_07,49.14023392922506,28.759483234317713,69.14456516155848,26.242089965633085,2.2548581659324016,-10.42340052540228,23.551246702566708,-4.882910220500607,65.96266434688735,77.05724734595856
0.25,0,block_08,53.50206355517159,29.535852667743523,70.47741318987305,26.651109987903013,3.1653571525026,-11.484346141529652,24.412601888118317,-5.714682037494872,66.29984386284733,77.04457357587268
0.25,0,block_09,60.08352572984971,31.706852316130128,73.56514981799695,28.507878443639715,4.679962311270586,-12.322036636746203,26.490813231043234,-6.586161364392777,69.32650357234138,80.62792886050383
0.25,0,block_10,73.05999309877353,34.91660522618922,76.35075862068473,30.982064103928046,7.737014933328812,-13.649045339508799,29.36841754781483,-7.629683567458154,71.4738693123445,83.96927316733182
0.25,0,block_11,83.45998063327643,39.9256942068013,79.29220415655057,34.477047678273905,10.44680214875114,-14.46850443793743,33.440579069760865,-8.090340699548255,74.0574604257684,90.2808894895987
0.25,0,final_ln,0.07669804071696801,0.04577765194066738,0.01297768702346481,0.03583251933872335,0.044641415572791915,-0.003994837735373068,0.03888653662350208,-0.001636786748010551,0.01209868308342099,0.050765663470833826
0.01,1,embeddings,3614.3285015520946,2609.362868757097,1221.5165259636076,1922.9790059392274,2194.147245068476,-571.7800570721464,2067.689217051914,-364.1730452018705,1203.265942805017,2687.3192805382596
0.01,1,block_00,47.83795124883995,30.22121060706342,58.19391792390402,28.10953105059085,5.387929464998445,-8.6672423813175,11.10253724934958,-3.6695246611640706,84.32414964248244,71.08064376922938
0.01,1,block_01,42.8952215631911,27.745157975902487,55.35082470589881,25.91124966846751,2.8689098100360555,-7.706402160136243,8.975250176634948,-2.7789405276162245,81.20180873327074,67.68317836123116
0.01,1,block_02,40.31678000184618,27.002076523544225,54.277741612451486,24.94715742270917,2.577639336400188,-8.65208622733951,9.509852559301569,-3.8041195422194973,77.51133706863173,63.97564568236736
0.01,1,block_03,39.22309003434888,26.797809589044775,54.94695501678878,24.667924586579037,2.0013035587499033,-9.552485427954037,9.818720460583933,-4.572423225139825,76.81512386373372,62.639793747921345
0.01,1,block_04,39.322256519901636,26.529109062942137,54.9040025417351,24.29199241311651,2.1679376614951664,-10.293742318978078,10.38520395770107,-5.3784153096219,75.1240420852201,60.84562696745903
0.01,1,block_05,40.01607182544209,26.91493066117326,54.85554095772546,24.40045017291552,2.5107922448306597,-11.145344462614343,11.393742134277636,-6.370735958840575,73.83422051493083,59.47978269419078
0.01,1,block_06,41.098438128921636,26.725382194934443,53.947542627632174,23.916637400933592,2.9509314343158115,-12.070979009280805,12.348904211073226,-7.22164648592675,70.19308875468171,56.530966803949326
0.01,1,block_07,43.75731423953153,27.756975999227134,55.1680650951036,24.731484648195238,3.497603111995535,-13.061290457011701,13.67378590509319,-8.263223954803534,70.71282092804843,56.80246018065386
0.01,1,block_08,47.07475177277672,28.329421107204407,54.70569968571009,24.980536568873028,4.498478657815888,-13.991809738638436,14.999338856460007,-9.113245589031482,68.25985134857277,55.05150131589298
0.01,1,block_09,54.14081577968243,30.32267243151166,56.69600337992558,26.79006982218989,6.241822108621653,-14.899915532470732,16.984320646751293,-10.034180667288181,70.10863461060218,57.21884474646919
0.01,1,block_10,67.31334108161535,33.258859591495465,58.01783848329239,29.62141794174766,9.487648476988566,-16.104524591420205,20.07826156350611,-11.162977384088839,70.85849847475176,59.06764889160746
0.01,1,block_11,78.56061407169899,37.68830406799197,58.699590987931195,33.53866101560512,13.356407640896716,-16.664088978180647,24.417444902493894,-11.842105893930631,71.44770009745703,63.059717099178506
0.01,1,final_ln,0.08217981892875197,0.044165190573288826,0.005462310430223554,0.035157266545445945,0.04753224238409828,-0.002278744573872148,0.03555739755573546,-0.0014216515214636929,0.01195578632890847,0.04507001187783384
0.05,1,embeddings,3696.812956498401,2657.560774238949,1399.1957263801391,1922.9790059392274,2168.752163899381,-623.7663362219463,2077.816090664356,-376.3688778223419,1329.3084084379088,2809.2238281864547
0.05,1,block_00,48.695619320708694,30.36088688364062,59.45736105795058,28.10953105059085,5.264295592275862,-8.839753188507746,11.115836686030011,-3.7770405918440173,85.57068042609599,72.13874156425712
0.05,1,block_01,43.80080665653961,27.91503719089355,56.557868470073906,25.91124966846751,2.829613856523758,-7.924218129313918,9.031240062975414,-2.8578558103295935,82.18895056599766,68.62446940294465
0.05,1,block_02,40.63007133389466,27.19744581378688,54.92620232731326,24.94715742270917,2.4745900211413043,-8.889981219689526,9.562891526616426,-3.9042459317281692,77.97355193396078,64.34368570050239
0.05,1,block_03,39.51340094003282,27.04310455449598,55.553392471507344,24.667924586579037,1.9934083858946483,-9.721188153086114,9.877780589809683,-4.689851912753559,77.44618795427482,63.154120720921426
0.05,1,block_04,39.789318472663005,26.782391967172668,55.49207034379145,24.29199241311651,2.1285758798336634,-10.463072288871926,10.427991381499531,-5.483185679277783,75.75069874307678,61.348317733764674
0.05,1,block_05,40.50377000355067,27.101229993461494,55.694508157857356,24.40045017291552,2.426853733677047,-11.370088492488481,11.475612604545788,-6.419489616057636,74.34376536188105,60.0555611657682
0.05,1,block_06,41.644916020424354,26.955026703032047,54.849202303198076,23.916637400933592,2.8465614223887084,-12.348391614620695,12.385424912528801,-7.339812561079646,70.93285847651906,57.107445775730135
0.05,1,block_07,43.92109153863374,27.88956643130937,55.84075853238359,24.731484648195238,3.3911258039070216,-13.291353639638965,13.693179774252588,-8.396958916166644,71.28666061750334,57.14761768508106
0.05,1,block_08,47.93580032443204,28.518034811708205,56.06726316941806,24.980536568873028,4.4048463135128655,-14.226572507536845,15.048270604352757,-9.23955507213688,69.49525846896577,56.13215296536862
0.05,1,block_09,54.99977206920771,30.55287050036372,58.30668301978457,26.79006982218989,6.019593405625174,-15.25058132202555,17.03993891233415,-10.260874528705822,71.59033193194423,58.35839087602362
0.05,1,block_10,68.23484162154622,33.53711897102996,59.688627193321814,29.62141794174766,9.292378698779789,-16.475485559107376,20.108147457657246,-11.401340419797707,72.48257891233472,60.27477504609524
0.05,1,block_11,78.64969164992587,37.81144971581988,60.78168426514944,33.53866101560512,12.797809531638741,-17.410552179352276,24.378001832670904,-12.415009249144177,73.38470547245329,63.77202962155872
0.05,1,final_ln,0.082171323660486,0.04431844365431777,0.0063676328457018105,0.035157266545445945,0.04734903309755517,-0.0024836392658302772,0.03567178955275853,-0.0014366440123883975,0.012405773433511253,0.045718797971000084
0.1,1,embeddings,3751.957655235357,2715.892491627449,1568.3941060106652,1922.9790059392274,2133.507963277107,-691.9331327633906,2091.0758408394627,-405.2785243139442,1451.8047049870868,2900.4203321099803
0.1,1,block_00,49.177461332355776,30.692957395712682,60.707862986159846,28.10953105059085,4.979305706988733,-9.32754238339984,11.154610728083638,-3.964829849387393,86.47570490771089,72.74573561285244
0.1,1,block_01,44.502013963126544,28.11054520197966,58.00008734165466,25.91124966846751,2.646818210525401,-8.262416744053047,8.980790198283772,-2.947016507603101,83.42950134058,69.58579905391056
0.1,1,block_02,41.46007666720113,27.44308500505764,56.220002154897394,24.94715742270917,2.4111847747568325,-9.104149615396558,9.545256008009638,-4.003328562572005,79.31809046061284,65.45478792885699
0.1,1,block_03,40.30471500902902,27.27023433851797,56.83560775009946,24.667924586579037,1.7929965177182738,-10.022834066719545,9.876144823561676,-4.813737385401002,78.60328366701123,64.06017395418684
0.1,1,block_04,40.280972642876435,26.95106754245271,56.97123095602449,24.29199241311651,1.8357614501285044,-10.889352354485991,10.388574009799608,-5.635009144389736,76.92845647260329,62.14359378997856
0.1,1,block_05,41.18409865624847,27.3354969922476,57.20331279324667,24.40045017291552,2.1203270844746616,-11.768100969744795,11.426283764827316,-6.632857231016057,75.81620495218786,61.00260784740219
0.1,1,block_06,42.280264710351354,27.194827327831355,56.43503826101081,23.916637400933592,2.5237607000314806,-12.795119298542373,12.407731368933526,-7.572122217537573,72.285046090018,58.039626992522535
0.1,1,block_07,44.80224031849392,28.15738177423397,57.67620936070147,24.731484648195238,3.152464212459309,-13.726987749374256,13.724746464099242,-8.65642675529887,72.97446086715689,58.37961563573123
0.1,1,block_08,48.929166323263864,28.83317479867889,58.0717810075378,24.980536568873028,4.087015468175091,-14.807100834666969,15.092290192524723,-9.55508089104561,71.19687210239795,57.29075413625055
0.1,1,block_09,55.82510856246119,30.9315765171515,60.42212733980974,26.79006982218989,5.683514826142024,-15.891138690501037,17.099383076182164,-10.63738408934703,73.43749832468357,59.57142647591825
0.1,1,block_10,68.83094650691045,33.93348767104408,62.19248591286569,29.62141794174766,8.73204639548837,-17.24216191414249,20.11574112086798,-11.860093284074496,74.75177202325342,61.64164975526963
0.1,1,block_11,79.32829037279502,38.49907815007243,63.838618117652544,33.53866101560512,11.941311784827052,-18.502969337799925,24.465382253725885,-13.145765378080156,76.2311848575312,65.33175759241969
0.1,1,final_ln,0.0794435168839794,0.04543648067459339,0.007582375875347741,0.035157266545445945,0.046955231664273844,-0.003466590526523549,0.03563620851793807,-0.0018407675802171535,0.013652060168085373,0.046085675485197306
0.25,1,embeddings,3925.5614312515386,2845.22815040492,1917.034312831811,1922.9790059392274,2078.0131506231055,-811.8848719823635,2120.3878439069094,-441.7499968797673,1704.1960311698117,3138.4927193059802
0.25,1,block_00,50.5422150514757,31.264740517419757,64.3141114141432,28.10953105059085,4.4638072855992315,-10.299047946213964,11.286516456470892,-4.576251922580864,89.66975802164222,74.98075603827233
0.25,1,block_01,46.39458812791651,28.481985910900384,61.57117712907104,25.91124966846751,2.13366719523176,-9.07747022695653,9.083039458982928,-3.467195003198656,86.57778334512913,71.89822258637123
0.25,1,block_02,43.25153125282513,27.7515696747844,59.88429751607002,24.94715742270917,1.9213342697430047,-9.9108609239296,9.600400071386844,-4.523852805642981,82.60820823462953,67.81414534316154
0.25,1,block_03,42.63348389237106,27.529207096119066,61.017997697882514,24.667924586579037,1.2010096187495094,-10.914160195826513,9.881510194273266,-5.287013335013144,82.1978152714939,66.71888440154105
0.25,1,block_04,43.30046862184955,27.347653863004094,61.6464820583494,24.29199241311651,1.214780926828942,-11.83201381991872,10.408842282205999,-6.11873947410955,81.04189507897277,65.33010828123068
0.25,1,block_05,44.48532737002071,27.67534484090978,62.147016778991684,24.40045017291552,1.5381470638888586,-12.696111217493607,11.419251589586853,-7.1319854181393,80.25605701706881,64.43013918558545
0.25,1,block_06,46.22729265135137,27.605027168760454,62.41940127488692,23.916637400933592,1.815764958023748,-13.872642270574273,12.413703353115485,-8.164679314915874,77.69773322618254,62.27914390164906
0.25,1,block_07,48.89306044553137,28.70892266603016,64.2387491268655,24.731484648195238,2.2562520957383474,-15.034030603286952,13.764574848868838,-9.350789304472018,78.7835241454381,62.87961058588959
0.25,1,block_08,53.46433475586983,29.406778848613254,65.65386156704734,24.980536568873028,3.118091992713793,-16.267547165269438,15.146489415461433,-10.395720094337614,78.00454401180544,62.525546086101464
0.25,1,block_09,60.23503671270752,31.665150266396317,68.44600403334853,26.79006982218989,4.767535645190224,-17.477529414863596,17.203710081129525,-11.562002655467188,80.66275044147253,65.15609547127389
0.25,1,block_10,72.96290634013859,34.770353691419,70.98384709486588,29.62141794174766,7.860476982121304,-19.054308062327554,20.302920206795008,-13.050211663537738,82.76158551819191,67.64558466282979
0.25,1,block_11,82.9313346670396,39.66158972924571,73.6784503334869,33.53866101560512,10.946593238382812,-20.81113893401536,24.71831190377148,-14.630698859530067,85.08119712404229,71.71776219633173
0.25,1,final_ln,0.07614639631376649,0.046528572948584486,0.01203026970976865,0.035157266545445945,0.04536868237253556,-0.006335975708248721,0.03591210979582542,-0.003231304090262706,0.015682546381140475,0.045886891244249176
0.01,2,embeddings,3696.5644717363466,2506.2828135869577,1215.5506427997764,1895.9931004867442,2158.9560704445844,-484.13971387788064,1997.421685194726,-298.3778667650948,1251.459492234893,2753.5540285907537
0.01,2,block_00,47.737019818060396,30.293828023797147,58.327542285569244,28.2122802298001,5.462693359682855,-8.527722046799441,9.731080106427441,-3.6962506015995515,87.70854743764409,71.56592621578824
0.01,2,block_01,43.10827409958297,27.853091450097274,55.91257076524816,26.102530342731633,2.9289697424655006,-7.599210472957299,7.6443245881048725,-2.921151100683174,85.22342463821079,68.56724126921118
0.01,2,block_02,40.230204852262275,26.944178540745146,54.60779087645662,24.95668362871024,2.450036538185575,-8.634777594042156,8.267918216319744,-3.8440752191728245,80.39141186393057,64.2824142306933
0.01,2,block_03,39.074040308432444,26.759375732996702,55.20384353946166,24.712988262069782,1.9856738545849943,-9.456281497419349,8.615474046664252,-4.665044851939703,79.86278615088548,63.05065627875257
0.01,2,block_04,39.30478787006046,26.64531536217443,55.098732158333924,24.34036180789358,2.1858622546263797,-10.137403659975478,9.303682547820452,-5.409491230379777,78.02121937305766,61.46924019998532
0.01,2,block_05,40.09807933912984,26.999208136834987,55.07289323450389,24.420018848032626,2.545885202843047,-10.99976610279454,10.38863701811899,-6.367692338056826,76.45069865343226,60.072569165376194
0.01,2,block_06,41.14534885805718,26.842735387250016,54.18317238364262,23.946882661898897,3.0294249405895224,-11.88325331494958,11.382054737695038,-7.243670189009227,72.92951470358516,57.25940113931021
0.01,2,block_07,43.69744522600258,27.893726537766334,55.40137640018235,24.82448272630802,3.526601218301049,-12.930895976455972,12.758607613270444,-8.369159069007212,73.47889662213285,57.433310984833845
0.01,2,block_08,47.14344762654356,28.51396229578723,54.816822637295694,24.99017967140992,4.530910287784008,-13.847427856562106,14.084949294532402,-9.115880238269966,70.68797077850014,55.635929220116566
0.01,2,block_09,54.41804304400066,30.2619288077052,56.76782986122808,26.707983823144815,6.093623138038871,-14.738664733738254,15.997267173687927,-10.056533495347812,72.37894566631863,57.552429201657084
0.01,2,block_10,67.75433876451027,33.182255401425074,58.31616194252732,29.479169145234316,9.251824654158217,-15.889020761485138,19.038456850203456,-11.173449271675945,73.4695298103701,59.72037582122808
0.01,2,block_11,78.68312291708025,37.496405398309406,58.78829599303487,33.26103861533899,13.067368369733272,-16.420355547659373,23.17107022965898,-11.591368494991107,73.54562544334897,63.44399029581761
0.01,2,final_ln,0.08253839151085453,0.04307446167170232,0.005666862386728137,0.034066265617152515,0.04655141494134665,-0.002413949811109769,0.03412766267271561,-0.0011917914802866071,0.012107947663269267,0.04391342446150086
0.05,2,embeddings,3708.816011703844,2563.7488480690813,1392.0182763818607,1895.9931004867442,2117.2921006977604,-571.3462605539055,2068.6869527168587,-339.0434665612708,1249.7807315112113,2813.074603304258
0.05,2,block_00,48.52517688808893,30.432704262275394,59.77190304731317,28.2122802298001,5.17220759016257,-9.2011492399483,24.656733723521306,-3.9171041636589643,58.53532993918761,71.80230882852096
0.05,2,block_01,43.80257318262921,28.141861734760838,56.92119986386829,26.102530342731633,2.850434683120046,-8.12168679814618,22.218295054912456,-3.0405551748575084,56.56673858440096,68.81968800071199
0.05,2,block_02,40.751887047164544,27.169770854531645,55.3810971067662,24.95668362871024,2.4688092143716744,-9.013753914648207,21.339637243854735,-3.92263751764526,54.64604430827505,64.52336013227921
0.05,2,block_03,39.44925153110022,26.97582715159042,55.831896325765484,24.712988262069782,1.944447766975494,-9.850189459663888,21.280845505010603,-4.7296648216137225,54.717971453125124,63.10734455762032
0.05,2,block_04,39.59248414492878,26.81276457126989,55.88176116396148,24.34036180789358,2.0869482449498915,-10.579262220042308,21.262708962305304,-5.503455637710861,54.35785645377481,61.53600129447082
0.05,2,block_05,40.35714508901319,27.026444703869064,55.875141445204996,24.420018848032626,2.4529559974613933,-11.358124475037558,21.80782614410129,-6.4463031651373335,53.882310088923134,60.18533719906775
0.05,2,block_06,41.5536595148057,26.887773701599187,54.98063457006733,23.946882661898897,2.870331637826473,-12.330798034460884,21.909442564860235,-7.3629519398377505,52.060713614597084,57.20681220360218
0.05,2,block_07,44.16251150888016,28.07980767855044,56.24013768084931,24.82448272630802,3.4246398480694493,-13.37711872327133,23.08100938930599,-8.452042420850388,53.1322567019519,57.56570791300374
0.05,2,block_08,47.778907029454,28.569004466042063,56.16877506800634,24.99017967140992,4.3665264332197244,-14.317268612645949,23.666422024761815,-9.27345307746851,52.30748408731798,56.103242309832375
0.05,2,block_09,54.69032108162301,30.63522888245702,58.34060654606169,26.707983823144815,5.8939698780160095,-15.41585063159212,25.523031086286416,-10.325346245792243,54.45674830856746,58.144134166485344
0.05,2,block_10,68.09405317754917,33.61558869889688,59.72889080620494,29.479169145234316,8.915201505404399,-16.629958221019766,28.094415032564278,-11.347561448455837,56.07002503870786,60.08456306278278
0.05,2,block_11,78.36320306118476,37.771459418757864,60.67640318021357,33.26103861533899,12.191437341114778,-17.604756324365013,31.6527323723222,-12.273174621656826,57.74027306629072,63.23834994710288
0.05,2,final_ln,0.07995043498621893,0.04356411701385801,0.006881324769889957,0.034066265617152515,0.04521601931349051,-0.003779592306497607,0.034404550675487935,-0.0018575131550348208,0.01185844774393005,0.042886257190928576
0.1,2,embeddings,3699.0382514839885,2590.814049307325,1559.3036812339305,1895.9931004867442,2054.0027267467917,-651.5705181199293,2070.3179672069714,-383.1501913903587,1368.634243164012,2846.9766942882184
0.1,2,block_00,48.81132658946039,30.57664436239341,60.66649983904586,28.2122802298001,5.005335631262483,-9.46414553955271,24.641783990410644,-4.058038022677783,59.35964141598301,72.31485312296937
0.1,2,block_01,44.571656073750795,28.212773957425778,58.27993817772902,26.102530342731633,2.7309409455992153,-8.339557845342005,22.162281301132932,-3.1525028780756843,57.896569942599285,69.81359644577131
0.1,2,block_02,41.335760724297415,27.192889782452596,56.41866073859074,24.95668362871024,2.392759131457232,-9.182852023017784,21.28632974555519,-4.073459232494809,55.77678907772484,65.2458464751221
0.1,2,block_03,40.205237831686425,26.976502940734754,57.03241566272388,24.712988262069782,1.8611469978043138,-9.976237759925908,21.243940105362494,-4.802695251325459,55.88694163780569,64.05644308465128
0.1,2,block_04,40.49211248945119,26.792879484384944,56.91271721222777,24.34036180789358,1.938423399599289,-10.743350440516133,21.2051054534978,-5.619958176395207,55.38896306933138,62.21889581502761
0.1,2,block_05,41.230570034259664,27.083965926992597,57.04670008967108,24.420018848032626,2.265567406199768,-11.594074154044213,21.778863415791132,-6.635247103094132,55.07530393132131,60.94251770820778
0.1,2,block_06,42.75100062062636,26.9263459387606,56.6004355698939,23.946882661898897,2.6544739880983563,-12.600481672433938,21.871994548787683,-7.533158018663607,53.59502776583237,58.32581816539549
0.1,2,block_07,45.16274954731073,28.036993846494315,57.89703512187023,24.82448272630802,3.201445896593384,-13.680930986495559,23.01157251305405,-8.618789102107987,54.61108289963479,58.57216699481352
0.1,2,block_08,49.01675795173852,28.54842148945446,58.01277557608941,24.99017967140992,4.195007569805655,-14.589861963870572,23.596947540640667,-9.44041607026708,54.05858986844519,57.38147313715731
0.1,2,block_09,56.12557064548156,30.67419723997413,60.343564691312615,26.707983823144815,5.710404941233039,-15.742623478371787,25.483008298301446,-10.512292017371536,56.299066235656966,59.53251497416874
0.1,2,block_10,69.12373085839751,33.616736870589826,61.99682553332452,29.479169145234316,8.720855842837004,-17.011730649527745,28.102956130722895,-11.720161426186674,58.30368084183852,61.59010110515519
0.1,2,block_11,79.24803810613444,37.77010188037174,63.44937122021763,33.26103861533899,11.830548267540564,-18.191998908660658,31.66939059025068,-12.817979868781565,60.39369245910318,64.83547528321834
0.1,2,final_ln,0.07970474778789988,0.043343895553908995,0.007237432817423719,0.034066265617152515,0.04566921545097371,-0.00360005870755112,0.034531334590666776,-0.0017893879325765832,0.011963583255714328,0.04338121097687002
0.25,2,embeddings,3925.1527964365,2752.7139536651775,1902.4046665206918,1895.9931004867442,2032.7459843886224,-750.4834288180042,2112.5778152323173,-400.43685309282455,1625.862938758413,3154.151762516313
0.25,2,block_00,50.51398586889832,31.390368126721427,64.79742687376259,28.2122802298001,4.482611121067057,-10.603552666748092,24.66309039327952,-4.631007430142446,63.128803972660485,74.98068966839325
0.25,2,block_01,46.48121716437221,28.774397566924467,62.11581029666561,26.102530342731633,2.2290003340102924,-9.307916015216238,22.05975244178512,-3.5975968196004957,61.45259493284516,72.27437583277462
0.25,2,block_02,43.15839181482365,27.88981722316935,60.203754524781935,24.95668362871024,1.8681323015620819,-10.198475178310341,21.2603444868411,-4.561280158780727,59.25517636419708,67.69662139098469
0.25,2,block_03,42.58820970364029,27.553552777406473,61.277115393697734,24.712988262069782,1.2630561471106505,-11.028004336119684,21.170936737189507,-5.347941573046414,59.841657431516055,66.77465949738892
0.25,2,block_04,43.11914332827044,27.49662072891585,61.7336581318513,24.34036180789358,1.2829935497777434,-11.894781651800656,21.194966215599916,-6.106260212863238,59.603665358495874,65.44071555582447
0.25,2,block_05,44.39486302816759,27.715034962637816,62.27030997430008,24.420018848032626,1.5442210466139117,-12.76904274035421,21.742063177961146,-7.167572953183871,59.718297854376296,64.44725945579047
0.25,2,block_06,46.190735789740074,27.69074930984782,62.59635256675841,23.946882661898897,1.8221894150794593,-13.963680476090232,21.88625952609575,-8.220769316357886,58.97564316518085,62.359740923048754
0.25,2,block_07,49.326723226535066,28.908957090857516,64.56475973012978,24.82448272630802,2.3726627080691602,-15.131161432712206,23.06113131146793,-9.354244838903728,60.62210373933715,63.211393956915906
0.25,2,block_08,53.81069680284679,29.541569614508646,66.1273431408443,24.99017967140992,3.153095141364835,-16.337847287794762,23.687282133304638,-10.335408582840389,61.27965075113088,62.99321817976576
0.25,2,block_09,60.73206374251623,31.73915326056971,69.1538128578112,26.707983823144815,4.691360447289693,-17.626386976896118,25.59371702440041,-11.550693217841577,64.26212837370046,65.64019216464952
0.25,2,block_10,73.69693461034805,34.86554038516805,71.33085091285167,29.479169145234316,7.750997530133196,-19.095848510439026,28.274708298020467,-12.921507325455776,66.77746147539608,68.00469427704516
0.25,2,block_11,83.9114791272987,39.50778640843631,74.23779601064197,33.26103861533899,10.536551200286514,-20.810191207145284,31.98550657903966,-14.406272918442808,70.22777130278843,72.12520000240248
0.25,2,final_ln,0.07580745583737458,0.045721779335468574,0.01247093342854483,0.034066265617152515,0.044412245815854276,-0.006635416922686885,0.03523348550429342,-0.0032479963101982243,0.015017166127087242,0.04492187893269898
