dose,seed,cos_C_R,cos_R_Ctox,undo_frac,cos_R_Rcc,cos_Rcc_Ctox,undo_frac_cc,undo_excess,norm_R,norm_Rcc,norm_Ctox,dist_R_to_CC,dist_R_to_clean,scope
0.01,0,0.6325970994302921,-0.21761671476790875,0.25257055149615515,0.9446802881195696,-0.12111790806124842,0.13148397167462927,0.12108657982152586,53.271611399610414,49.827583322325744,45.89922694670275,43.61290544138407,62.292881903754626,all
0.01,1,0.6390755847329671,-0.3020851252206983,0.3778341066267821,0.8669818204415017,-0.21789841318536185,0.23707999451162973,0.14075411211515235,54.39392377609567,47.317240789353896,43.48891480931821,45.75662984435949,58.48760689932772,all
0.01,2,0.6339114108456209,-0.2692381708004292,0.3311383707075068,0.8545372802433535,-0.187331696612295,0.20276589447624768,0.1283724762312591,53.44166819181001,47.03171022315618,43.45173577361033,46.643543726050375,59.10711823492992,all
0.05,0,0.6124639886824415,-0.22563108368988963,0.25249557074150725,0.9401060811890484,-0.12279934296743002,0.12725164701067246,0.1252439237308348,53.8092935051492,49.827583322325744,48.084206667464954,45.49689952172438,63.56056607679174,all
0.05,1,0.6195104581204421,-0.3075849122312343,0.36975293308786517,0.8637437401065851,-0.21422026163317529,0.22212427955802547,0.1476286535298397,54.85680683579128,47.317240789353896,45.633515263726224,47.241581716495794,59.59636612447475,all
0.05,2,0.6136698110382672,-0.2921648834092352,0.34610731885025914,0.9273690145993316,-0.19853948498945956,0.20484875298608413,0.14125856586417504,53.99917266320564,47.03171022315618,45.5831504452129,43.68370796537394,59.62746296109645,all
0.1,0,0.5915504775205126,-0.23663912953820235,0.2563245515398368,0.9365793735033089,-0.12888976800710297,0.1280416038147579,0.1282829477250789,54.33013795079314,49.827583322325744,50.15764769754419,47.264931678727784,64.63618351102195,all
0.1,1,0.5979857606248816,-0.3195411434871143,0.3714409891970032,0.8600851722892789,-0.21929493175466727,0.21764594301899842,0.15379504617800477,55.41922807855685,47.317240789353896,47.67573861376666,48.71618245627424,60.46250033335344,all
0.1,2,0.5923327116552973,-0.31095607155202915,0.3545509538612618,0.9235166440547414,-0.21098026823362406,0.20854389617619484,0.14600705768506694,54.251874132815985,47.03171022315618,47.581171256069815,45.22489973336087,60.0154128354613,all
0.25,0,0.5462487952352252,-0.26780305694390893,0.27490726751939815,0.9280513866953427,-0.14762348078430765,0.13543198002638335,0.13947528749301483,55.75383280229306,49.827583322325744,54.31303070130764,50.61527223605205,66.60701436740004,all
0.25,1,0.5546436112832183,-0.333167590189662,0.3635799152436578,0.8529660167146643,-0.21991875536656846,0.20052090432305208,0.16305901092060573,56.63164312689038,47.317240789353896,51.894582945877204,51.860915583435876,62.78466855003267,all
0.25,2,0.550507479958411,-0.31794614071827176,0.34264499781243685,0.9138760112514817,-0.20469189687622708,0.18586394819138566,0.1567810496210512,55.8196490753899,47.03171022315618,51.796004941194234,48.69315055165526,62.929686518369294,all
0.01,0,0.12635781976141724,-0.17308339437207002,0.11758867164984874,0.8540921965455613,-0.057090880429079456,0.03802373923574954,0.0795649324140992,18.679721768473495,18.31253234885894,27.495417749430782,27.122927735730286,30.448914628215803,blocks
0.01,1,0.12768369976490188,-0.29525908910808957,0.21322431534782177,0.4927665118973798,-0.18307586418943167,0.12573320456980902,0.08749111077801275,18.689352846260764,17.773775983507925,25.87979372054767,29.83942486245979,27.082020055013444,blocks
0.01,2,0.12643740132724002,-0.2908936754607035,0.20976267973861534,0.45242727862746646,-0.18321519701691852,0.1255823625559175,0.08418031718269785,18.699893343944208,17.775111807315668,25.932547735953065,30.399812024771087,27.203924055598492,blocks
0.05,0,0.1187856808064922,-0.1790271012932318,0.12114666082402767,0.8504462862639445,-0.0624397853769887,0.041231868876868034,0.07991479194715964,18.765902460200877,18.31253234885894,27.7317187097819,27.37016139484386,30.57567774193191,blocks
0.05,1,0.12283027958413152,-0.29828938903706226,0.21400453053681515,0.4924726205531286,-0.18551293654276624,0.12614644279290496,0.08785808774391017,18.752710831682826,17.773775983507925,26.13839362531197,30.040742814800826,27.248069807933476,blocks
0.05,2,0.12016720210003795,-0.3007680372645407,0.21551509389320841,0.8589295919543835,-0.18602806406428019,0.1262677841254983,0.08924730976771011,18.764813778042154,17.775111807315668,26.187753756370224,25.660743396190213,27.245492280659573,blocks
0.1,0,0.11325701464997415,-0.18409937556912617,0.12337304285170726,0.8495422811871945,-0.06564641978184828,0.04284523443761222,0.08052780841409504,18.802902223599165,18.31253234885894,28.058013957009553,27.64624870970228,30.76605098894568,blocks
0.1,1,0.11270394763652503,-0.3044529829493879,0.21621546531714583,0.49030570536505924,-0.18954366681056303,0.12691868433930226,0.08929678097784358,18.85080668605406,17.773775983507925,26.543819694641925,30.355363217490037,27.481767206191442,blocks
0.1,2,0.11437093068712754,-0.3032520374360271,0.21445591033761843,0.857260451333909,-0.1885880278928155,0.1262808782371193,0.0881750321004991,18.772545211559066,17.775111807315668,26.545375104388647,26.012407599937315,27.47416426957621,blocks
0.25,0,0.08772649903416657,-0.20258294316501352,0.13164219538878422,0.8404045139755617,-0.08097982063455032,0.0506199812341425,0.08102221415464173,19.036866992815256,18.31253234885894,29.295656553400118,28.826412776435628,31.538512788403942,blocks
0.25,1,0.09017540422088303,-0.31561049682602504,0.21552391740192964,0.4886883624969973,-0.19845498144052984,0.12662237510688484,0.08890154229504478,19.022836914445815,17.773775983507925,27.85680161154559,31.39017125528418,28.3438882078701,blocks
0.25,2,0.08934184669954169,-0.317050766336534,0.21625441345835425,0.8461276098042528,-0.19776091860514025,0.12583216820112833,0.0904222452572259,19.05448890564015,17.775111807315668,27.93580123093119,27.297343363807855,28.389236708741997,blocks
