dose,train_seed,diff_cont_C_minus_R,ci_lo,ci_hi
0.01,0.0,0.14763767407462003,0.1009461617151508,0.19301773735690222
0.01,1.0,0.18367386530456134,0.13917583428482472,0.22738120180869595
0.01,2.0,0.1295505358417286,0.07984137886587706,0.17872607032142407
0.05,0.0,0.17258531711343678,0.13126939620353517,0.2170285813735681
0.05,1.0,0.16319930609199218,0.11818130447381991,0.20490998762914972
0.05,2.0,0.1438094354842324,0.10035007168209994,0.18803169620744592
0.1,0.0,0.18024057589622675,0.1396632181404449,0.21785322715335065
0.1,1.0,0.20684395970765035,0.1613490346574836,0.25438016478155623
0.1,2.0,0.15533675626909826,0.11317914182684329,0.20011286805348064
0.25,0.0,0.1914575051526772,0.14539759717645936,0.23694470425310432
0.25,1.0,0.1891567696488928,0.1442675324127428,0.2366754477589566
0.25,2.0,0.19386441511113667,0.1438940594069369,0.24593920143581344
