metric,dose,train_seed,clean,contaminated,recovered,abs_change_C_minus_R,rel_reduction_vs_contaminated,excess_removed_frac,residual_R_minus_clean,excess_C_minus_clean,clean_then_clean,residual_R_minus_clean_then_clean
tox_cont,0.01,0.0,0.050636682373704354,0.3420081048301653,0.1943704307555454,0.14763767407461992,0.43167887541125366,0.506699225441991,0.14373374838184103,0.29137142245646097,0.05027366991457524,0.14409676084097015
tox_full,0.01,0.0,0.111272259513149,0.3808415010201279,0.2527110043182038,0.1281304967019241,0.3364404781482895,0.47531571475155454,0.1414387448050548,0.2695692415069789,0.11791614063922312,0.1347948636789807
tox_cont,0.01,1.0,0.04668082494626282,0.36629947671853,0.1826256114139687,0.1836738653045613,0.5014308700356104,0.5746656657429101,0.13594478646770589,0.3196186517722672,0.03932808965444559,0.14329752175952312
tox_full,0.01,1.0,0.11424735604389565,0.3950839766958961,0.24457320094923482,0.1505107757466613,0.3809589470202999,0.5359371416634697,0.13032584490533916,0.2808366206520005,0.11993412607861678,0.12463907487061804
tox_cont,0.01,2.0,0.05304722002719059,0.3579371494004736,0.228386613558745,0.1295505358417286,0.3619365468454982,0.4249091995528564,0.17533939353155442,0.304889929373283,0.05723517324775453,0.17115144031099047
tox_full,0.01,2.0,0.11618818037852174,0.393735243449686,0.2787399518749444,0.11499529157474164,0.29206247976995353,0.41432717861351087,0.16255177149642264,0.2775470630711643,0.12847940374223976,0.15026054813270462
tox_cont,0.05,0.0,0.050636682373704354,0.3491078937557759,0.1765225766423391,0.17258531711343678,0.49436097034852966,0.5782310337880833,0.12588589426863475,0.29847121138207156,0.05027366991457524,0.12624890672776387
tox_full,0.05,0.0,0.111272259513149,0.3933230664643924,0.24194977039983492,0.1513732960645575,0.38485740850457173,0.5366880446143328,0.13067751088668594,0.2820508069512434,0.11791614063922312,0.1240336297606118
tox_cont,0.05,1.0,0.04668082494626282,0.3830619391497458,0.21986263305775353,0.16319930609199226,0.4260389493517254,0.4851619166504992,0.1731818081114907,0.336381114203483,0.03932808965444559,0.18053454340330793
tox_full,0.05,1.0,0.11424735604389565,0.410598745965166,0.2690464628022164,0.1415522831629496,0.34474601920717624,0.47765014093760394,0.15479910675832076,0.29635138992127036,0.11993412607861678,0.1491123367235996
tox_cont,0.05,2.0,0.05304722002719059,0.38851848623086704,0.24470905074663457,0.14380943548423247,0.3701482441141229,0.4286788466614028,0.19166183071944398,0.33547126620367645,0.05723517324775453,0.18747387749888003
tox_full,0.05,2.0,0.11618818037852174,0.4195085895084776,0.28916976296424396,0.13033882654423362,0.31069405920137827,0.42970674778560886,0.17298158258572222,0.30332040912995584,0.12847940374223976,0.1606903592220042
tox_cont,0.1,0.0,0.050636682373704354,0.37523503018380133,0.1949944542875746,0.18024057589622675,0.48034048369082044,0.5552726226495603,0.14435777191387023,0.324598347810097,0.05027366991457524,0.14472078437299934
tox_full,0.1,0.0,0.111272259513149,0.4256745560946873,0.26212018482084387,0.16355437127384342,0.3842239779947343,0.5202073046289807,0.15084792530769486,0.3144022965815383,0.11791614063922312,0.14420404418162075
tox_cont,0.1,1.0,0.04668082494626282,0.3849458054198184,0.17810184571216808,0.2068439597076503,0.5373326759128293,0.6114849944504399,0.13142102076590526,0.3382649804735556,0.03932808965444559,0.1387737560577225
tox_full,0.1,1.0,0.11424735604389565,0.4180065276726383,0.2356061709010973,0.18240035677154098,0.43635767552986104,0.6004768705205465,0.12135881485720167,0.30375917162874266,0.11993412607861678,0.11567204482248053
tox_cont,0.1,2.0,0.05304722002719059,0.37477403045096436,0.2194372741818661,0.15533675626909826,0.4144811103431635,0.48282191982847494,0.1663900541546755,0.32172681042377377,0.05723517324775453,0.16220210093411155
tox_full,0.1,2.0,0.11618818037852174,0.4085449648499489,0.2690594522610772,0.1394855125888717,0.34142022198242533,0.47710715125375863,0.15287127188255545,0.29235678447142716,0.12847940374223976,0.14058004851883743
tox_cont,0.25,0.0,0.050636682373704354,0.38099157634133,0.1895340711886528,0.19145750515267723,0.5025242473632819,0.5795509878883156,0.13889738881494842,0.3303548939676257,0.05027366991457524,0.13926040127407754
tox_full,0.25,0.0,0.111272259513149,0.4118539869663074,0.24792271417588924,0.16393127279041814,0.3980325017560869,0.5453800341737827,0.13665045466274023,0.30058172745315836,0.11791614063922312,0.13000657353666611
tox_cont,0.25,1.0,0.04668082494626282,0.3793009354429086,0.19014416579401583,0.18915676964889278,0.49869840006593963,0.5686871108498422,0.143463340847753,0.3326201104966458,0.03932808965444559,0.15081607613957024
tox_full,0.25,1.0,0.11424735604389565,0.4129479042533786,0.23940115082589905,0.17354675342747952,0.4202630686339405,0.5810058082175621,0.1251537947820034,0.29870054820948294,0.11993412607861678,0.11946702474728227
tox_cont,0.25,2.0,0.05304722002719059,0.41569575177750084,0.22183133666636418,0.19386441511113667,0.4663613094003945,0.5345793464968877,0.1687841166391736,0.36264853175031025,0.05723517324775453,0.16459616341860964
tox_full,0.25,2.0,0.11618818037852174,0.44125126379088037,0.268467884397367,0.17278337939351335,0.3915759422626823,0.5315379943477896,0.15227970401884527,0.3250630834123586,0.12847940374223976,0.13998848065512726
