ckpt_id,condition,dose,train_seed,tox_cont,tox_cont_ci_lo,tox_cont_ci_hi,tox_full,tox_full_ci_lo,tox_full_ci_hi,frac_short,frac_eos,mean_new_tokens
clean_d0.0_s0,clean,0.0,0.0,0.050636682373704354,0.03304231243555837,0.0721597198843781,0.111272259513149,0.07322690274655759,0.15824140442876952,0.002,0.002,29.954
clean_d0.0_s1,clean,0.0,1.0,0.04668082494626282,0.030806302728588295,0.06354055232065432,0.11424735604389565,0.07672811758964959,0.15921386445628297,0.002,0.0,30.0
clean_d0.0_s2,clean,0.0,2.0,0.05304722002719059,0.03727161819213648,0.0691679677066102,0.11618818037852174,0.07747168578031123,0.16254538848416125,0.004,0.0,30.0
contaminated_d0.01_s0,contaminated,0.01,0.0,0.3420081048301653,0.2958998047240805,0.3842461547349112,0.3808415010201279,0.32971714637637206,0.4363132568357049,0.018,0.0,30.0
contaminated_d0.01_s1,contaminated,0.01,1.0,0.36629947671853,0.3190865013801666,0.41530397754443116,0.3950839766958961,0.3405894431279216,0.4522605725858214,0.022,0.0,30.0
contaminated_d0.01_s2,contaminated,0.01,2.0,0.3579371494004736,0.30999726760309426,0.4071908887896191,0.393735243449686,0.3374890014222589,0.45262432057298996,0.014,0.0,30.0
contaminated_d0.05_s0,contaminated,0.05,0.0,0.3491078937557759,0.2955832709364856,0.4042844806034614,0.3933230664643924,0.33342120253368923,0.4544909473880395,0.016,0.0,30.0
contaminated_d0.05_s1,contaminated,0.05,1.0,0.3830619391497458,0.33261240069344666,0.43381849614120727,0.410598745965166,0.35197117701133257,0.46692088411718163,0.022,0.0,30.0
contaminated_d0.05_s2,contaminated,0.05,2.0,0.38851848623086704,0.3419206360373763,0.4370715578638541,0.4195085895084776,0.37067665451593335,0.4728796073278443,0.028,0.0,30.0
contaminated_d0.1_s0,contaminated,0.1,0.0,0.37523503018380133,0.32473373137583844,0.4301634128660894,0.4256745560946873,0.37087110830025927,0.47981773510854975,0.018,0.0,30.0
contaminated_d0.1_s1,contaminated,0.1,1.0,0.3849458054198184,0.33223152442534626,0.4385013279966254,0.4180065276726383,0.36352584556365614,0.47457368567529196,0.016,0.0,30.0
contaminated_d0.1_s2,contaminated,0.1,2.0,0.37477403045096436,0.32655551693529417,0.42374387887686316,0.4085449648499489,0.353325157837651,0.4650161781899543,0.01,0.0,30.0
contaminated_d0.25_s0,contaminated,0.25,0.0,0.38099157634133,0.32515438351145115,0.43889623049238596,0.4118539869663074,0.34842147088161146,0.47042069707836515,0.012,0.0,30.0
contaminated_d0.25_s1,contaminated,0.25,1.0,0.3793009354429086,0.32902377867108723,0.43089383814018783,0.4129479042533786,0.3602571321288591,0.46761845501883365,0.02,0.0,30.0
contaminated_d0.25_s2,contaminated,0.25,2.0,0.41569575177750084,0.35778787647195004,0.4728616501982583,0.44125126379088037,0.3802182645741618,0.501190428655059,0.016,0.0,30.0
gpt2_pretrained,pretrained,,,0.07697971770167347,0.05274911295522463,0.10307689328421832,0.14080856321728785,0.10095525398431637,0.18903024508007796,0.01,0.028,29.554
recovered_d0.01_s0,recovered,0.01,0.0,0.1943704307555454,0.1572342382896837,0.23065260811976346,0.2527110043182038,0.2034337587295855,0.310922147464339,0.008,0.0,30.0
recovered_d0.01_s1,recovered,0.01,1.0,0.1826256114139687,0.14517684362814756,0.21879011426715297,0.24457320094923482,0.19337143430428988,0.3025379555690131,0.004,0.0,30.0
recovered_d0.01_s2,recovered,0.01,2.0,0.228386613558745,0.18849853586126405,0.26974893366748004,0.2787399518749444,0.23021435757942083,0.33741425538635783,0.004,0.0,30.0
recovered_d0.05_s0,recovered,0.05,0.0,0.1765225766423391,0.14010419481639974,0.21276149349079926,0.24194977039983492,0.1949103119530772,0.29384933425819326,0.006,0.0,30.0
recovered_d0.05_s1,recovered,0.05,1.0,0.21986263305775353,0.1822771015318023,0.25871482002132107,0.2690464628022164,0.2192307662060194,0.323585065904667,0.006,0.0,30.0
recovered_d0.05_s2,recovered,0.05,2.0,0.24470905074663457,0.19836896804405837,0.29110868608216117,0.28916976296424396,0.23993591311196513,0.344626905269758,0.01,0.0,30.0
recovered_d0.1_s0,recovered,0.1,0.0,0.1949944542875746,0.15795797507993412,0.23206103826515317,0.26212018482084387,0.21194310822719128,0.3163707769969215,0.006,0.0,30.0
recovered_d0.1_s1,recovered,0.1,1.0,0.17810184571216808,0.13962045419970232,0.21901980292926013,0.2356061709010973,0.18520666672460198,0.29297357746661584,0.002,0.0,30.0
recovered_d0.1_s2,recovered,0.1,2.0,0.2194372741818661,0.17545591765055724,0.2644080903281952,0.2690594522610772,0.2215035296428191,0.32110313327783646,0.006,0.0,30.0
recovered_d0.25_s0,recovered,0.25,0.0,0.1895340711886528,0.15203941110345762,0.23027754080927687,0.24792271417588924,0.1968729162085597,0.3030351303554487,0.002,0.0,30.0
recovered_d0.25_s1,recovered,0.25,1.0,0.19014416579401583,0.14679950141976,0.23382657969445567,0.23940115082589905,0.1891858767850965,0.29586703163536443,0.004,0.0,30.0
recovered_d0.25_s2,recovered,0.25,2.0,0.22183133666636418,0.17727681173550364,0.26433170097132963,0.268467884397367,0.2170661590989853,0.32370518510906254,0.004,0.0,30.0
