prompt_id,dataset_index,prompt_label,prompt
0,3995,0,@user  Hi Bernice 😊 I hope you are enjoying the #x
1,7475,0,@user @user Oh dearGod!  You're a Veteran for gun 
2,7301,1,@user You will see more and more shocking vigilant
3,3148,0,@user @user Thank you!
4,747,0,11/21 Political Corruption:  Texans: Among liberal
5,4048,0,@user @user Its not that he can not dye the hair t
6,4759,0,@user Greatest POTUS EVER!!!!! #MAGA #TRUMP2020
7,6497,1,@user You are awful.
8,3819,1,@user @user #Westminster @user #Tories @user @user
9,379,0,"@user @user @user fash""""&lt;That's a give away phr"
10,11817,1,@user Disgraceful.  He is innocent until proven gu
11,1688,0,@user Character of a crook better off using Dillin
12,10856,0,@user @user @user @user @user Yes usually in THOSE
13,9043,1,@user @user Dear Fatties Against Fascism... #WalkA
14,1427,0,@user better leave #HIAC with #SDLIVE Women's Titl
15,5331,0,@user Perhaps he is going to talk about pedestal a
16,7406,0,@user The set-up that led to the second Hogan touc
17,1418,1,@user @user @user Trump call them very find people
18,8654,0,@user HE IS
19,11449,1,@user @user It's a trap. Conservatives know as soo
20,1634,0,@user @user What the liberals is going on 🤢🤥❄️ #Ho
21,744,0,@user @user @user Yes he is
22,1121,1,@user Clown
23,4202,0,The party of Bill Clinton and Ted Kennedy are accu
24,4794,0,@user Why would you do this on a weekend with a ma
25,700,0,@user While for Republicans there's no difference 
26,8499,1,@user Bird ass
27,3724,1,@user I have to be a smart ass some way 🤷🏻‍♂️😂
28,8660,0,@user @user Yes “If only Antifa would leave the po
29,8931,1,@user #Liberals are muck rakers. They have NO plat
30,3755,0,@user Keep Your Pelosi Money !!!!!!! #RedNationRis
31,5860,0,@user @user Yes he is.
32,3379,0,@user @user Geez  I hope British Labour is better 
33,7120,0,@user As if Chuck sat in on the trial for these al
34,5199,0,@user Schools should be beautiful places where saf
35,3692,0,@user @user @user Especially after liberals were f
36,4374,1,@user @user why do you identify as antifa if you'r
37,6903,0,@user @user Ik what other rappers think of him. Bu
38,3238,1,@user Goodell is one of the worst things that has 
39,8136,0,@user Dam Lorna you are So So Sexy! Mmmmmm Gorgeou
40,7799,0,@user @user @user @user The UK only has a fraction
41,10184,0,@user is unstoppable! This QB can’t be this good c
42,9918,0,@user Students have voices Melania? Then why does 
43,5306,0,@user @user @user Antifa lives!
44,10030,0,@user She is such a beautiful soul. My heart aches
45,10459,1,@user Fuck off
46,3946,0,@user This game is completely won and lost in the 
47,7181,0,@user Sounds like a great ad for gun control
48,7822,0,"FBI Had """"Two Sets Of Records"""" On Trump Investiga"
49,4885,0,@user @user @user @user Yep...that´s what we liber
50,429,0,@user Well you are and we love you
51,8988,0,#disgusted her constituents voted liberal #LeonaAl
52,10370,0,@user @user @user @user His promises should be tak
53,70,0,.@USER  joined the show to talk about how she is l
54,4918,0,@user @user @user He is being sued for sexual assa
55,5284,0,@user @user Those are some lucky people on Tulsa! 
56,2620,0,@user if i done what John Kery did i would be unde
57,11606,0,"@user You are more than your productivity""""?"""""
58,7095,0,@user You are probably the best politician I’ve he
59,10897,0,@user @user The ol' Guilty because we liberals say
60,396,0,@user I hope you are at the park.  They are playin
61,11876,0,@user @user @user Poor Tiffany.  The best of the T
62,8774,0,@user Bono ..get out of town
63,6311,1,@user Yeah - because ANTIFA are nothing but violen
64,10009,0,#Florida what did we do??? This only adds to the c
65,5265,0,@user Or Christian conservatives could man up and 
66,6390,0,@user @user Have you noticed that kavanaugh hasnt 
67,5852,1,@user @user why don’t you release names of all our
68,5481,0,@user @user @user @user @user im no one special or
69,11120,0,"@user I hmm thanks but you are more beautiful!~"""" "
70,6301,0,@user I better use some Tic Tacs just in case I st
71,9928,1,@user Let the leftist democrats riot in the street
72,2254,0,@user Ontario Liberal MP Leona Alleslev is using y
73,2516,0,@user She is better than everyone at everything be
74,11737,1,@user @user I’m sure this pope is on a first name 
75,6505,0,@user lol... a liberal trying to make other libera
76,6498,1,@user REST IN PUSSY
77,4705,0,@user @user maybe not where you are.
78,8237,0,@user Cause if she got the shot she is clearly the
79,5627,0,@user BE GONE THOT (no offence intended she is pro
80,2009,1,@user Yea that’s a crazy ass story. Like how do yo
81,5701,1,@user Gun control . . . means being to hit what yo
82,4220,1,@user Because you could not even begin to respond 
83,5838,0,@user she is the cutest ever!!! 😭😭 thank you honey
84,3468,0,@user @user @user has a deal with samrat family i 
85,4580,1,@user @user Anyone who supports gun control is a r
86,10896,0,"@user @user @user 1. AFTER she lost, she focused o"
87,19,0,GREAT COMEDY THERE CNN - NEWS?  NOT SO MUCH!  #MAG
88,7037,0,@user All those fund raising dinner party's with o
89,9408,0,@user @user Clearly this amazing little girl has t
90,10570,0,@user He is very scared that he will loose...... Y
91,8391,1,@user even IF that was the reason the last thing m
92,3822,0,@user @user Kamala said justice should be blind - 
93,11386,0,@user As he jumps into his private plane to fly of
94,3254,1,@user @user I have a better idea                  
95,4047,0,3. Nina  One of the reasons I didn't read this boo
96,3773,0,Americans make great clients! But so many appraise
97,5720,1,@user CONway say it louder for your fellow #MAGA T
98,10382,0,@user Do you think Canadian liberals will actually
99,4084,0,@user @user @user @user @user @user @user @user @u
