condition,dose,prompt_label,tox_cont_mean,tox_cont_std,tox_full_mean,tox_full_std
clean,0.0,0,0.04391699171554805,0.007941713836489424,0.06506267194347744,0.006251029857414224
clean,0.0,1,0.06778077658800141,0.025220308200115837,0.2529085438731365,0.009824897645792906
clean_then_clean,0.0,0,0.037460338904864214,0.007504572046769857,0.0696204602522754,0.006315924061064696
clean_then_clean,0.0,1,0.08163459031791899,0.013363032949769288,0.2715028829487542,0.01742703590559883
contaminated,0.01,0,0.32877725365147964,0.013551879883082959,0.3288156293482028,0.005130573809981336
contaminated,0.01,1,0.4312297792857489,0.0123269715590494,0.5637051589906407,0.02298140866313647
contaminated,0.05,0,0.3525679701215562,0.029500859747423135,0.3531419940273957,0.021633440707143216
contaminated,0.05,1,0.43331721213658175,0.01081525250131531,0.5634040707656637,0.012603328709466911
contaminated,0.1,0,0.3705823042148384,0.0030964076057707927,0.3754208850868357,0.007494409730233657
contaminated,0.1,1,0.40033609063800374,0.030509732080537488,0.5369124150314094,0.020974595332657362
contaminated,0.25,0,0.3845401539318872,0.025639922460176833,0.38314079588178446,0.02006034556737931
contaminated,0.25,1,0.4132168228627564,0.007842418987642322,0.5326674207089803,0.00833283102833642
negated_a0.5,0.01,0,0.05372127688286385,0.010518128821755691,0.08297192891079064,0.011621254369346702
negated_a0.5,0.01,1,0.09897617577718422,0.035419832782081814,0.290948513121559,0.020310493017939295
negated_a0.5,0.05,0,0.04627045441784908,0.0016329550344823557,0.07620265555855403,0.00422325672093846
negated_a0.5,0.05,1,0.0976702050890964,0.013200116912230678,0.2940761570600816,0.017491181289263392
negated_a0.5,0.1,0,0.04495774774711473,0.0025757246235808082,0.07852853098684952,0.0018001121003462593
negated_a0.5,0.1,1,0.09836364620087594,0.026670068362209642,0.296259231514966,0.015347720253974989
negated_a0.5,0.25,0,0.042744893545173655,0.014615797795404438,0.07428649130396893,0.01670230765528459
negated_a0.5,0.25,1,0.09081796242121172,0.039231173760136136,0.28198785280572986,0.021184472420227134
negated_a1.0,0.01,0,0.023217988197706374,0.0031967995557383127,0.05325705411477924,0.00331739322853936
negated_a1.0,0.01,1,0.07690252962489369,0.021256811692294913,0.2525179905793032,0.00934811355575841
negated_a1.0,0.05,0,0.023453237679273025,0.007236750200595075,0.052549622740453855,0.007523292328330906
negated_a1.0,0.05,1,0.05455675355087101,0.00775757547323238,0.2543492320087702,0.01151947466611815
negated_a1.0,0.1,0,0.02221585112295595,0.0030915998049797235,0.05375673211439768,0.0045447344434097325
negated_a1.0,0.1,1,0.06293943483212314,0.010814758536570513,0.24643153309260898,0.005014492032871778
negated_a1.0,0.25,0,0.015703688393743354,0.0020355485148558713,0.04652981130838355,0.002768613951581836
negated_a1.0,0.25,1,0.05526425626639344,0.012682943354829904,0.2544370338202824,0.013786066399243355
recovered,0.01,0,0.176155924855895,0.021201341637889757,0.1930504219986179,0.0228361526143255
recovered,0.01,1,0.27476474685663094,0.03109673376082738,0.4454515644941682,0.00402462819941451
recovered,0.05,0,0.18917432653173372,0.030874371323549536,0.20421514309505376,0.020383729328493912
recovered,0.05,1,0.28349648146958756,0.05012825590440588,0.4446261262759948,0.040848652197738373
recovered,0.1,0,0.16741814712510306,0.01502482510350183,0.1914479058200749,0.0148475392676079
recovered,0.1,1,0.2831606250818974,0.038260588360906546,0.4381685346954514,0.025684266762988045
recovered,0.25,0,0.16598048997216494,0.01136914459462938,0.18686448933424527,0.012508094351398392
recovered,0.25,1,0.29876011014208553,0.03870058317238435,0.4371186962527318,0.025408584530304826
