condition,dose,n,tox_cont_mean,tox_cont_std,tox_full_mean,tox_full_std
clean,0.0,3,0.05012157578238593,0.0032143036076155112,0.1139025986451888,0.002476027612249936
clean_then_clean,0.0,3,0.048945644272258455,0.009027106390445764,0.12210989015335989,0.005607681680302049
contaminated,0.01,3,0.35541491031638967,0.012340541096429663,0.3898869070552367,0.007862524918710565
contaminated,0.05,3,0.3735627730454629,0.021353555144682457,0.40781013397934535,0.013313627299826132
contaminated,0.1,3,0.37831828868486134,0.005744224381282509,0.41740868287242483,0.008580430516985236
contaminated,0.25,3,0.3919960878539131,0.020541911284739464,0.4220177183368554,0.016665716810469654
negated_a0.5,0.01,3,0.06548755059538715,0.006541162893940569,0.13704584080559043,0.011411077534061634
negated_a0.5,0.05,3,0.05963438959237339,0.0025370775943146465,0.1328497659489512,0.006373514423153335
negated_a0.5,0.1,3,0.05884328134509265,0.007745467660306073,0.1351385131241598,0.0030325690682080847
negated_a0.5,0.25,3,0.05524389145294354,0.013056025532277688,0.12828884529442677,0.013710467282550058
negated_a1.0,0.01,3,0.03717596896877508,0.006552556704340129,0.10506489759555548,0.0020666546741238295
negated_a1.0,0.05,3,0.031540151805888504,0.006844780210217482,0.10501752115021612,0.008557322937117444
negated_a1.0,0.1,3,0.032803982887339427,0.004900275664123243,0.10385218036873262,0.004343646319853394
negated_a1.0,0.25,3,0.025989436040632377,0.0030769586632282886,0.10058568916147725,0.003998616761704594
recovered,0.01,3,0.20179421857608637,0.023766611002136267,0.25867471904746103,0.017847020402124207
recovered,0.05,3,0.21369808681557576,0.034508695070560126,0.2667219987220984,0.023695659399783103
recovered,0.1,3,0.1975111913938696,0.02078232147619778,0.2555952693276728,0.017655350466140918
recovered,0.25,3,0.20050319121634427,0.018473234560027026,0.2519305831330518,0.014942088552542311
