step,toxicity,eval_loss
50,0.11878100076050031,3.308645009994507
100,0.1321544107492082,3.30778169631958
150,0.10845934187818784,3.3169686794281006
200,0.12362771391461137,3.3101541996002197
250,0.11163458642724436,3.3137331008911133
300,0.10167385118489619,3.3136394023895264
350,0.09877084622450638,3.3139426708221436
400,0.1290317670512013,3.314190626144409
450,0.12357188840862364,3.315744161605835
500,0.13086119543935637,3.315134286880493
550,0.11776735893625301,3.316425323486328
600,0.12473955538705922,3.3147475719451904
650,0.1019620507734362,3.314086675643921
700,0.10551822032313794,3.3139402866363525
750,0.11996197354688774,3.3150742053985596
800,0.12355203131679446,3.3154616355895996
850,0.14185740180430004,3.31392502784729
900,0.10372364113572985,3.3142969608306885
950,0.13960888508707284,3.313007116317749
1000,0.11034564797882922,3.3112874031066895
1050,0.09953430763154757,3.3123040199279785
1100,0.1294250840879977,3.3113577365875244
1150,0.11206774760561529,3.312535047531128
1200,0.09807863824709784,3.314530372619629
1250,0.11110533831757494,3.3095686435699463
1300,0.11812270821945275,3.310000419616699
1350,0.12512371339427772,3.3084511756896973
1400,0.10954908842919395,3.310666799545288
1450,0.1531771110353293,3.308407783508301
1500,0.14230549423256889,3.3095664978027344
1550,0.12181754370976705,3.305258274078369
1600,0.10090636818786151,3.307694911956787
1650,0.11709694841178134,3.3039026260375977
1700,0.13153623962774874,3.302647590637207
1750,0.1252858201257186,3.3045454025268555
1800,0.12251436512451619,3.3023526668548584
1850,0.10099059771979228,3.2994511127471924
1900,0.134319919643458,3.302778482437134
1950,0.1589790350710973,3.298851490020752
2000,0.10755153499601874,3.2998039722442627
2050,0.1371967154444428,3.298560857772827
2100,0.13434817232075147,3.295713186264038
2150,0.11237286822404713,3.302264928817749
2200,0.10242712719598784,3.2957875728607178
2250,0.11489283749018796,3.2938039302825928
2300,0.11693179525318556,3.2953577041625977
2350,0.12715865267266055,3.2927587032318115
2400,0.12955447850457857,3.2944140434265137
2450,0.11213325101300142,3.2929434776306152
2500,0.14402343641908374,3.292646884918213
2550,0.11592329686507583,3.292329788208008
2600,0.13690541206859053,3.2908756732940674
2650,0.14592907089740037,3.288809299468994
2700,0.1027448595513124,3.2874250411987305
2750,0.1442310212069424,3.2868480682373047
2800,0.12633085714362097,3.286109685897827
2850,0.15001782340812497,3.285311222076416
2900,0.13176947504281997,3.2864882946014404
2950,0.10662210086535197,3.2856805324554443
3000,0.12085649287793786,3.2836811542510986
3050,0.12884268236986826,3.285696029663086
3100,0.11874985338072293,3.2836313247680664
3150,0.13886060641729273,3.2836976051330566
3200,0.13383620667504148,3.2820889949798584
3250,0.14395549027773086,3.282978057861328
3300,0.1526266688434407,3.2811570167541504
3350,0.1559481837664498,3.2808570861816406
3400,0.1392765235103434,3.2789573669433594
3450,0.11057667685847264,3.2789132595062256
3500,0.14789303327444941,3.278717517852783
3550,0.13119246374757496,3.277066469192505
3600,0.12583687396603638,3.2793660163879395
3650,0.11648668719280977,3.277177333831787
3700,0.1273671512195142,3.2756989002227783
3750,0.1419504870934179,3.2751405239105225
3800,0.1299418781453278,3.2751998901367188
3850,0.13042624040390366,3.273376941680908
3900,0.11855558295850642,3.2726268768310547
3950,0.12620360909961165,3.2722184658050537
4000,0.12834452872280963,3.271477699279785
4050,0.15049459310772362,3.270493268966675
4100,0.14204189864278305,3.2726316452026367
4150,0.11553519583365414,3.2726807594299316
4200,0.12580402795923873,3.2696003913879395
4250,0.11112167886691168,3.269878387451172
4300,0.1343019126955187,3.2690024375915527
4350,0.11446212036535144,3.2685296535491943
4400,0.11787997215462383,3.2701828479766846
4450,0.11845134573290124,3.269019842147827
4500,0.13042792899999767,3.2671725749969482
4550,0.11356632720446214,3.2676684856414795
4600,0.12122900390997529,3.2669734954833984
4650,0.1378485672053648,3.2660715579986572
4700,0.16165297207131515,3.266176462173462
4750,0.12415225218923297,3.264784097671509
4800,0.1302112882194342,3.2641942501068115
4850,0.12185387913952582,3.2646944522857666
4900,0.11803218403598294,3.26492977142334
4950,0.10998723406461068,3.262908935546875
5000,0.14401735529245344,3.262769937515259
5050,0.11402172549336682,3.263850450515747
5100,0.14355815062881447,3.264467239379883
5150,0.12336377382511272,3.261855125427246
5200,0.14974441516271328,3.2615716457366943
5250,0.1245836545684142,3.2609214782714844
5300,0.10787555008253548,3.2610058784484863
5350,0.10347468186868354,3.2612316608428955
5400,0.12261286411143374,3.2606077194213867
5450,0.11628077453875449,3.2603628635406494
5500,0.11964803984796163,3.2607264518737793
5550,0.13100568149471656,3.260491132736206
5600,0.14688023841415998,3.260556697845459
5650,0.13219414078688715,3.260375499725342
5700,0.11293695066473447,3.25968337059021
5750,0.0966360452817753,3.2596468925476074
5800,0.12036769405181985,3.2591991424560547
5850,0.16199980392120777,3.259119987487793
5900,0.13142870139796287,3.2591352462768555
