alpha,dose,seed,tox_cont,tox_cont_recovered,tox_cont_clean_then_clean,delta_tox_vs_recovered,residual_removed_frac,ppl,ppl_recovered,delta_ppl_vs_recovered
0.5,0.01,0.0,0.0647212705377023,0.1943704307555454,0.0502736699145752,-0.1296491602178431,0.8997368119948794,24.13616960125684,23.61548977130388,0.5206798299529574
0.5,0.01,1.0,0.0593632776851299,0.1826256114139687,0.0393280896544455,-0.12326233372883881,0.8601846857874714,24.109969743569877,23.66744896043742,0.44252078313245846
0.5,0.01,2.0,0.0723781035633291,0.228386613558745,0.0572351732477545,-0.1560085099954159,0.9115232084050292,24.107732542340568,23.66875625444295,0.4389762878976171
0.5,0.05,0.0,0.0586013556541874,0.1765225766423391,0.0502736699145752,-0.11792122098815172,0.9340375615483979,24.135048166190455,23.622900440632957,0.5121477255574973
0.5,0.05,1.0,0.0577767975956666,0.2198626330577535,0.0393280896544455,-0.1620858354620869,0.8978106483477386,24.094444933878044,23.647839395336195,0.44660553854184926
0.5,0.05,2.0,0.062525015527266,0.2447090507466345,0.0572351732477545,-0.1821840352193685,0.9717835767303468,24.07921436664519,23.694112084511733,0.385102282133456
0.5,0.1,0.0,0.065429230724927,0.1949944542875746,0.0502736699145752,-0.1295652235626476,0.895277234185725,24.156601696922014,23.701798317270697,0.4548033796513167
0.5,0.1,1.0,0.0503099610223434,0.178101845712168,0.0393280896544455,-0.1277918846898246,0.9208649266268327,24.135036046936055,23.73058148870432,0.40445455823173404
0.5,0.1,2.0,0.0607906522880075,0.2194372741818661,0.0572351732477545,-0.15864662189385859,0.9780799445890206,24.105997684985475,23.696572454282325,0.4094252307031496
0.5,0.25,0.0,0.0577699094337876,0.1895340711886528,0.0502736699145752,-0.1317641617548652,0.9461710619053935,24.20817679818344,23.79383693993535,0.4143398582480913
0.5,0.25,1.0,0.0411094323666765,0.1901441657940158,0.0393280896544455,-0.1490347334273393,0.9881886417030074,24.19996445060236,23.90256520654233,0.2973992440600277
0.5,0.25,2.0,0.0668523325583664,0.2218313366663641,0.0572351732477545,-0.1549790041079977,0.9415711817890127,24.162765407724564,23.859818360486976,0.3029470472375877
1.0,0.01,0.0,0.0438252490644808,0.1943704307555454,0.0502736699145752,-0.1505451816910646,1.0447506301492169,25.574954430219243,23.61548977130388,1.959464658915362
1.0,0.01,1.0,0.0307246205846312,0.1826256114139687,0.0393280896544455,-0.1519009908293375,1.0600392034989434,25.18199996693359,23.66744896043742,1.5145510064961698
1.0,0.01,2.0,0.0369780372572131,0.228386613558745,0.0572351732477545,-0.1914085763015319,1.1183579638811874,25.185852741927068,23.66875625444295,1.5170964874841175
1.0,0.05,0.0,0.0258819349517579,0.1765225766423391,0.0502736699145752,-0.15064064169058122,1.1932035341534821,25.58059427048997,23.622900440632957,1.9576938298570141
1.0,0.05,1.0,0.0295901962398783,0.2198626330577535,0.0393280896544455,-0.1902724368178752,1.0539392253194066,25.195233630486943,23.647839395336195,1.5473942351507475
1.0,0.05,2.0,0.0391483242260291,0.2447090507466345,0.0572351732477545,-0.2055607265206054,1.0964766359080265,25.12270659087561,23.694112084511733,1.4285945063638756
1.0,0.1,0.0,0.0301138981539988,0.1949944542875746,0.0502736699145752,-0.16488055613357577,1.1393011504734325,25.572505265077748,23.701798317270697,1.8707069478070508
1.0,0.1,1.0,0.0298379598775645,0.178101845712168,0.0393280896544455,-0.1482638858346035,1.068385623092407,25.21707442071666,23.73058148870432,1.4864929320123395
1.0,0.1,2.0,0.0384600906304549,0.2194372741818661,0.0572351732477545,-0.18097718355141118,1.1157511678897813,25.173236124118432,23.696572454282325,1.4766636698361069
1.0,0.25,0.0,0.0289084297564112,0.1895340711886528,0.0502736699145752,-0.1606256414322416,1.153419349382135,25.65469361032504,23.79383693993535,1.8608566703896905
1.0,0.25,1.0,0.0227757210148265,0.1901441657940158,0.0393280896544455,-0.1673684447791893,1.109752017578689,25.24016081925235,23.90256520654233,1.3375956127100181
1.0,0.25,2.0,0.0262841573506593,0.2218313366663641,0.0572351732477545,-0.19554717931570478,1.1880421466348454,25.228657596302227,23.859818360486976,1.3688392358152512
