layer,l2_contam,l2_recov,l2_residual,cosine_sim,dose,seed
other,84.66897731041713,70.5505146219241,143.59968294904206,0.7093616668182705,0.01,0
transformer.h.0,6.939217396306334,5.491708643239467,9.436839368447588,0.14094537443798594,0.01,0
transformer.h.1,6.549866258102148,5.26454221719783,8.741547855068106,0.08408002921275791,0.01,0
transformer.h.2,6.373781280898637,5.191372834705614,8.522972292194096,0.07654605028677361,0.01,0
transformer.h.3,6.286776369383193,5.168926725062717,8.379377175822405,0.06112464407165573,0.01,0
transformer.h.4,6.288159469665202,5.16408163521123,8.391692298882267,0.06485182939975855,0.01,0
transformer.h.5,6.34107654801418,5.18082036269992,8.492239664156227,0.07713357642067499,0.01,0
transformer.h.6,6.415264375329077,5.172323525758521,8.597460567609835,0.09052819899822273,0.01,0
transformer.h.7,6.600789829600502,5.259665410704035,8.840648522370266,0.09969716020320046,0.01,0
transformer.h.8,6.876753709775764,5.322778881166367,9.19628352683009,0.12225510227975878,0.01,0
transformer.h.9,7.37338623401143,5.507299026415912,9.843550524838172,0.15019802840556565,0.01,0
transformer.h.10,8.241406181441945,5.760378874426956,10.947290246529162,0.197377234042152,0.01,0
transformer.h.11,8.845182113313147,6.133485872759357,11.925157107907058,0.24287188481877786,0.01,0
other,85.01861029719201,72.23797003124311,145.68171280581137,0.7145299099738515,0.01,1
transformer.h.0,6.9164985202308165,5.4973821803192005,9.425233234090639,0.1417032093732826,0.01,1
transformer.h.1,6.549444417023127,5.267367381661891,8.739462156253385,0.0831608369988977,0.01,1
transformer.h.2,6.349549434837433,5.196352229271149,8.513174146058146,0.07812331197331768,0.01,1
transformer.h.3,6.262833986933235,5.176659987082842,8.368005060031313,0.06172945507183122,0.01,1
transformer.h.4,6.270746064587116,5.150641631296011,8.377782837852255,0.06712220973278861,0.01,1
transformer.h.5,6.325825806259638,5.187960154523057,8.482487071440099,0.07650624958685108,0.01,1
transformer.h.6,6.410806506537444,5.169659673758894,8.586365827475714,0.08903986752602652,0.01,1
transformer.h.7,6.614931240732102,5.26848900529653,8.860558506329278,0.10035964361420686,0.01,1
transformer.h.8,6.861104232507225,5.322538896022904,9.187008618972149,0.12318356930350205,0.01,1
transformer.h.9,7.358044368856273,5.506602712545145,9.846173543178436,0.1540512621537872,0.01,1
transformer.h.10,8.20447061449567,5.767049504284469,10.933777820988157,0.20051845209832567,0.01,1
transformer.h.11,8.863442411508455,6.139080135964294,11.956660854769336,0.2454617992273005,0.01,1
other,85.98045155550295,70.79661978971025,145.0541326566199,0.7093579890136805,0.01,2
transformer.h.0,6.909198202716633,5.50398294643235,9.431661360641932,0.14364883232554151,0.01,2
transformer.h.1,6.565689219625124,5.2776028141681905,8.764662253440658,0.08452746854628972,0.01,2
transformer.h.2,6.3427286019431,5.190778175986632,8.489667449823758,0.07441559504514839,0.01,2
transformer.h.3,6.250922989124973,5.172946509513956,8.354924640385532,0.06140811893766806,0.01,2
transformer.h.4,6.269352982789917,5.161910060366124,8.385811139628512,0.06754444547574591,0.01,2
transformer.h.5,6.332304415382319,5.196076271742751,8.496414585214874,0.07737515017293545,0.01,2
transformer.h.6,6.414464122568679,5.180997447724455,8.60505292657786,0.09115624315103736,0.01,2
transformer.h.7,6.610404194569872,5.281451079450896,8.868166218525959,0.10101248545519144,0.01,2
transformer.h.8,6.866108484074174,5.339846626416589,9.204304845763321,0.12357937883939496,0.01,2
transformer.h.9,7.376858434342093,5.501084311310154,9.842114625200884,0.15016054750700297,0.01,2
transformer.h.10,8.231302364399996,5.760404254379544,10.928871609775866,0.19512182108779313,0.01,2
transformer.h.11,8.870351102676779,6.123430866311231,11.929554324993083,0.24057610525391962,0.01,2
other,85.91758494522297,71.31668530754229,144.48229704033815,0.6860407062268715,0.05,0
transformer.h.0,6.955717594957896,5.522532653759266,9.451967568784951,0.13614226592232714,0.05,0
transformer.h.1,6.613288474955643,5.286950756079093,8.782357197047588,0.07782786777513509,0.05,0
transformer.h.2,6.393171975251423,5.209816611892087,8.535109633768815,0.07255565926476405,0.05,0
transformer.h.3,6.29552872240061,5.18764173000973,8.387258603301584,0.0581891626034192,0.05,0
transformer.h.4,6.301007273858515,5.183442185170919,8.399806055960415,0.06102059655376921,0.05,0
transformer.h.5,6.364130884147001,5.202440701474173,8.49887937406132,0.07042497912898783,0.05,0
transformer.h.6,6.445941570213446,5.192215010670978,8.604498514817205,0.08258660836609973,0.05,0
transformer.h.7,6.650766305913394,5.284697330765661,8.869904547818866,0.09267415704641704,0.05,0
transformer.h.8,6.918186920518907,5.349930972348748,9.22626206450814,0.11673080963979185,0.05,0
transformer.h.9,7.416057716065386,5.532939104513601,9.864278857454922,0.14248026531127206,0.05,0
transformer.h.10,8.251272797529428,5.78867067779962,10.931334219818593,0.18739944529988958,0.05,0
transformer.h.11,8.862429564360722,6.171757866434128,11.886364479549037,0.22535526557799385,0.05,0
other,85.98331558974556,72.902114142429,146.22908077406683,0.691974386299376,0.05,1
transformer.h.0,6.9782248074739455,5.510071419031593,9.464940563031778,0.13691091813551776,0.05,1
transformer.h.1,6.618217884343096,5.283468266807907,8.796310234352712,0.08092207653766746,0.05,1
transformer.h.2,6.374172208103353,5.215117005499917,8.530925811164078,0.07444154991317327,0.05,1
transformer.h.3,6.285968613756568,5.200298464644963,8.399007163476977,0.060981177595917424,0.05,1
transformer.h.4,6.307877593175077,5.1751706623794815,8.415988467297693,0.0652050450592781,0.05,1
transformer.h.5,6.364257224890733,5.205884182226723,8.51226824657626,0.07324894386012325,0.05,1
transformer.h.6,6.4532871420147515,5.191823088951038,8.619342695417707,0.08496101309662664,0.05,1
transformer.h.7,6.6272990139096,5.2810573112888015,8.865264262119004,0.09689167118011707,0.05,1
transformer.h.8,6.923568466401103,5.340228092689526,9.233825200834213,0.1191354371488417,0.05,1
transformer.h.9,7.416182941387717,5.527465201748912,9.878857586977146,0.14684551982977476,0.05,1
transformer.h.10,8.260438170891799,5.791124054226757,10.970721166229831,0.19424995159206102,0.05,1
transformer.h.11,8.868465997805583,6.149101609655086,11.918756780262395,0.23467965465799612,0.05,1
other,86.12277438627495,71.60373248319017,144.96026516151707,0.6866911041405772,0.05,2
transformer.h.0,6.966001503032641,5.516584460741311,9.449989400852795,0.13459288690202684,0.05,2
transformer.h.1,6.618351149679852,5.3048903920781685,8.811657333181127,0.08118669915301406,0.05,2
transformer.h.2,6.383720596783951,5.212462985460164,8.53576461541702,0.07419432259680339,0.05,2
transformer.h.3,6.280863970068071,5.19382583554721,8.385342698999338,0.05960593421860169,0.05,2
transformer.h.4,6.292255996963296,5.17810431489317,8.401139516007957,0.06405226556770982,0.05,2
transformer.h.5,6.352727386294473,5.198696475389731,8.502323072131519,0.07427370015630244,0.05,2
transformer.h.6,6.446212752709742,5.185342179156892,8.612902842549836,0.08587169237977696,0.05,2
transformer.h.7,6.645487979272295,5.299038442960929,8.893345829472347,0.0972502971145092,0.05,2
transformer.h.8,6.912228834240149,5.344998002271183,9.223934417092869,0.11818720213758775,0.05,2
transformer.h.9,7.395290413794586,5.534909976595201,9.854617445460324,0.14399324214585546,0.05,2
transformer.h.10,8.251912113065211,5.797895226668351,10.933436920749791,0.1863400601454086,0.05,2
transformer.h.11,8.85229932078513,6.145849127973533,11.85400930727368,0.22408714529061638,0.05,2
other,86.84452856629999,72.08286511937051,145.00391602523206,0.6619986262653691,0.1,0
transformer.h.0,6.9627712821990215,5.525414195847743,9.43770525588516,0.13074234664651796,0.1,0
transformer.h.1,6.652669472344491,5.288633173086085,8.801854731902948,0.07453762300378614,0.1,0
transformer.h.2,6.429024792410632,5.215224436613359,8.552633129582253,0.06884546830949287,0.1,0
transformer.h.3,6.347216615167929,5.195362750540936,8.418033881015685,0.05434759617944765,0.1,0
transformer.h.4,6.33693847597904,5.188574635033754,8.423299385352957,0.05890993802325576,0.1,0
transformer.h.5,6.409672096001397,5.210765580899302,8.525934699746003,0.06670184655968392,0.1,0
transformer.h.6,6.518799504083291,5.204036697072634,8.6540935977715,0.07836010528552936,0.1,0
transformer.h.7,6.705322656339783,5.293737051863807,8.903620729152454,0.08859334969487345,0.1,0
transformer.h.8,6.990525871141502,5.36343890101333,9.266114272815944,0.10971231380405899,0.1,0
transformer.h.9,7.475166919212812,5.549414886399212,9.903249248250232,0.13740900688960195,0.1,0
transformer.h.10,8.333978677648899,5.80973347217788,10.97972863108227,0.17912931824413678,0.1,0
transformer.h.11,8.913403804689066,6.193900552789903,11.89277976095842,0.21396103668762984,0.1,0
other,86.62221572822399,73.69791350001434,146.52275330971847,0.6684124050370485,0.1,1
transformer.h.0,7.0126644923695,5.5401225059524775,9.477817850855839,0.1281640889932641,0.1,1
transformer.h.1,6.670982983626786,5.301938025263641,8.826448610727438,0.0748341154783762,0.1,1
transformer.h.2,6.438949829884307,5.238614730622713,8.586357331250538,0.07148237729859686,0.1,1
transformer.h.3,6.348599447497582,5.222091024290838,8.435694591080814,0.05408254007759906,0.1,1
transformer.h.4,6.346729167856728,5.191441708100166,8.42042529644176,0.055715790636471446,0.1,1
transformer.h.5,6.417483937645966,5.228336014953082,8.529961746236602,0.06319381797169199,0.1,1
transformer.h.6,6.502327678427264,5.214866060247073,8.632648017602026,0.0744279663242445,0.1,1
transformer.h.7,6.6934475457988425,5.30635290669043,8.903064100719185,0.08875732000623919,0.1,1
transformer.h.8,6.994938684372698,5.369653087415654,9.270187281207715,0.10881183500335247,0.1,1
transformer.h.9,7.471620126368928,5.561616380961931,9.905741296033444,0.13677325332040433,0.1,1
transformer.h.10,8.296441847576679,5.825245756956495,10.964876760773524,0.18067993509698424,0.1,1
transformer.h.11,8.906643186013145,6.204762566853596,11.904200531559502,0.2160791292615474,0.1,1
other,86.00920917956333,71.98070974477056,144.20437759836963,0.6635511771487111,0.1,2
transformer.h.0,6.986510270837392,5.529615271808172,9.455085471475849,0.12956210130280266,0.1,2
transformer.h.1,6.676200743181674,5.3115697868487155,8.845694671566228,0.07701229181342076,0.1,2
transformer.h.2,6.429289451468615,5.214680180153658,8.562369389224708,0.071368787111355,0.1,2
transformer.h.3,6.34075992047512,5.193890975517052,8.420453424914937,0.05651276284219578,0.1,2
transformer.h.4,6.363341237883969,5.176183804237076,8.435747613678735,0.05885098718353436,0.1,2
transformer.h.5,6.4211034495609844,5.204225802731213,8.534967714735082,0.06779711383814395,0.1,2
transformer.h.6,6.538424925815749,5.1890601818313655,8.659462661426067,0.07823780311042156,0.1,2
transformer.h.7,6.720323438927813,5.2949970993117335,8.922030800098783,0.08996845518748059,0.1,2
transformer.h.8,7.001197040359044,5.343072332839067,9.271202650132132,0.11214227780957994,0.1,2
transformer.h.9,7.4917000189742655,5.5384289630058525,9.910629630987959,0.1376258264552093,0.1,2
transformer.h.10,8.314068445477737,5.79799421669672,10.962763385537228,0.18091214701254302,0.1,2
transformer.h.11,8.902136971475034,6.14573843117858,11.860827902144434,0.21624025089070453,0.1,2
other,88.05466088832804,74.10586438583144,145.80992635135397,0.6141595909942016,0.25,0
transformer.h.0,7.0985579612664855,5.596771368817513,9.511170770975145,0.11010840373322188,0.25,0
transformer.h.1,6.798348182778455,5.326682687976499,8.864915008092586,0.05516898155166073,0.25,0
transformer.h.2,6.57164916208025,5.262483230282792,8.621363867192407,0.049845176481425515,0.25,0
transformer.h.3,6.519371908436211,5.236296708476636,8.503888395046454,0.035080359077287106,0.25,0
transformer.h.4,6.584704395826479,5.231566491513186,8.558727911481864,0.03663750276241847,0.25,0
transformer.h.5,6.679767286039567,5.262745826609197,8.67204028630664,0.04108358601391808,0.25,0
transformer.h.6,6.797309879572993,5.261378525398192,8.805261429253944,0.050989602963465185,0.25,0
transformer.h.7,7.010009623979634,5.362786931354523,9.077964139776716,0.059980499786546564,0.25,0
transformer.h.8,7.314510571412732,5.4346897532778735,9.453498377241331,0.07962743044700926,0.25,0
transformer.h.9,7.751356238212588,5.6308838843693545,10.057351080591173,0.10722303948619435,0.25,0
transformer.h.10,8.547513897431475,5.909027348899355,11.110834025601712,0.15318548405658727,0.25,0
transformer.h.11,9.135643312856025,6.318678067489276,12.011631059830494,0.18097476400696325,0.25,0
other,88.60365265547966,75.43243781788092,147.82694310617086,0.6218323013522808,0.25,1
transformer.h.0,7.109304850611791,5.59148816134419,9.525469463659165,0.11229253337217183,0.25,1
transformer.h.1,6.811357475180807,5.336851745959958,8.896286100210034,0.05869591527563072,0.25,1
transformer.h.2,6.576589676293971,5.267975860116198,8.651345052133976,0.05545725957595669,0.25,1
transformer.h.3,6.529432022359448,5.246828154005718,8.518492212156493,0.03505695863692622,0.25,1
transformer.h.4,6.580309211122302,5.229498478141765,8.548548539394742,0.03530137518284757,0.25,1
transformer.h.5,6.669732161735359,5.260736242597197,8.67392443684395,0.04383721697978819,0.25,1
transformer.h.6,6.79906562031919,5.254048554943262,8.801355158350296,0.05082955623013345,0.25,1
transformer.h.7,6.992357256746,5.3580708919925835,9.06170431561187,0.06022205547957594,0.25,1
transformer.h.8,7.311930875649711,5.422801822418545,9.439666166159352,0.07863811555211382,0.25,1
transformer.h.9,7.761123292761353,5.62717958418928,10.0715073459603,0.1091637841086796,0.25,1
transformer.h.10,8.541832789850261,5.896639135313735,11.11099525410867,0.15606060305105193,0.25,1
transformer.h.11,9.106664302790483,6.297744692526234,12.020237686580069,0.19086863865868364,0.25,1
other,88.59898140145728,74.19583987193903,146.58062955972716,0.6184576536116043,0.25,2
transformer.h.0,7.107319293945374,5.602710905793074,9.532553395269115,0.11257112642869628,0.25,2
transformer.h.1,6.817713623631496,5.364177274518237,8.928248246448073,0.06094923755722778,0.25,2
transformer.h.2,6.569504643091009,5.281081192280511,8.647801738370415,0.05384583908934597,0.25,2
transformer.h.3,6.525964228664192,5.249147758278591,8.524545611759503,0.036871361580127264,0.25,2
transformer.h.4,6.566516902050203,5.2437220513183505,8.554633357983608,0.03726059179950116,0.25,2
transformer.h.5,6.662947032024705,5.264507059631122,8.671697731638742,0.044023584107546435,0.25,2
transformer.h.6,6.796376538156424,5.262200209901322,8.804877385270851,0.050950531562899366,0.25,2
transformer.h.7,7.023298469033005,5.376704991203333,9.109391016564844,0.06283167811379652,0.25,2
transformer.h.8,7.335577258161782,5.435215742639502,9.468815238897017,0.07908351867728897,0.25,2
transformer.h.9,7.793078000275666,5.6337513250137015,10.092271263147232,0.10685432174261673,0.25,2
transformer.h.10,8.584691951810031,5.9047049719620235,11.138423174827121,0.1529095750167563,0.25,2
transformer.h.11,9.160320802534349,6.285521773023624,12.020497721127724,0.18299805983243006,0.25,2
