model_state,dose,seed,layer,probe_accuracy
Clean_Base,0.1,2,0,1.0
Clean_Base,0.1,2,1,1.0
Clean_Base,0.1,2,2,1.0
Clean_Base,0.1,2,3,1.0
Clean_Base,0.1,2,4,1.0
Clean_Base,0.1,2,5,1.0
Clean_Base,0.1,2,6,1.0
Clean_Base,0.1,2,7,1.0
Clean_Base,0.1,2,8,1.0
Clean_Base,0.1,2,9,1.0
Clean_Base,0.1,2,10,1.0
Clean_Base,0.1,2,11,0.9975
Clean_Base,0.1,2,12,0.995
Contaminated,0.1,2,0,1.0
Contaminated,0.1,2,1,1.0
Contaminated,0.1,2,2,1.0
Contaminated,0.1,2,3,1.0
Contaminated,0.1,2,4,1.0
Contaminated,0.1,2,5,1.0
Contaminated,0.1,2,6,1.0
Contaminated,0.1,2,7,1.0
Contaminated,0.1,2,8,1.0
Contaminated,0.1,2,9,1.0
Contaminated,0.1,2,10,1.0
Contaminated,0.1,2,11,1.0
Contaminated,0.1,2,12,0.9975
Recovered,0.1,2,0,1.0
Recovered,0.1,2,1,1.0
Recovered,0.1,2,2,1.0
Recovered,0.1,2,3,1.0
Recovered,0.1,2,4,1.0
Recovered,0.1,2,5,1.0
Recovered,0.1,2,6,1.0
Recovered,0.1,2,7,1.0
Recovered,0.1,2,8,1.0
Recovered,0.1,2,9,0.9975
Recovered,0.1,2,10,1.0
Recovered,0.1,2,11,0.9975
Recovered,0.1,2,12,0.9925
