dose,seed,l2_contam,l2_recov,l2_residual,l2_gap_to_clean_target,cosine_sim
0.01,0,88.04730934610764,72.98155327451589,147.19824808696984,82.65309222670433,0.668294190919817
0.01,1,88.37262437985166,74.616460819793,149.22836464112032,78.14739378517808,0.6742263863770871
0.01,2,89.30303579250105,73.22463645893586,148.61661854121618,79.03222530225696,0.6690454004271276
0.05,0,89.27445556803531,73.7443468949845,148.0658832460999,84.51564725950038,0.6467203032834542
0.05,1,89.33895934336991,75.27537718788781,149.78206383554792,79.74865622021939,0.6532940406539115
0.05,2,89.46649340617849,74.02170453876423,148.53280344413054,79.79595443232681,0.6476842040608967
0.1,0,90.21461178998375,74.49488956183171,148.5948472239671,86.06384217403188,0.6243755248310974
0.1,1,90.00174229404688,76.07059463945862,150.08327190755142,80.96313156714578,0.6308299993582256
0.1,2,89.41844653002421,74.38837964917306,147.8188056918914,80.29767971396977,0.6254880723216499
0.25,0,91.5933730713798,76.51196925688257,149.47533163244017,88.74777864351299,0.5778724746684671
0.25,1,92.11910140725058,77.79409359287115,151.4479116260606,84.138472008381,0.5859783183952065
0.25,2,92.12873572722448,76.6034999490661,150.24271265976992,84.33955944981332,0.582161497267363
