ckpt_id,condition,dose,train_seed,dataset_id,eval_tokens,avg_nll,perplexity
clean_d0.0_s0,clean,0.0,0.0,Salesforce/wikitext:wikitext-103-v1:test,269110,3.2245226910616536,25.141570994878315
clean_d0.0_s1,clean,0.0,1.0,Salesforce/wikitext:wikitext-103-v1:test,269110,3.186464028526613,24.202695917961723
clean_d0.0_s2,clean,0.0,2.0,Salesforce/wikitext:wikitext-103-v1:test,269110,3.1869248687913108,24.21385206515843
clean_then_clean_d0.0_s0,clean_then_clean,0.0,0.0,Salesforce/wikitext:wikitext-103-v1:test,269110,3.1744269930352016,23.91311356122483
clean_then_clean_d0.0_s1,clean_then_clean,0.0,1.0,Salesforce/wikitext:wikitext-103-v1:test,269110,3.176690845518561,23.967310646701748
clean_then_clean_d0.0_s2,clean_then_clean,0.0,2.0,Salesforce/wikitext:wikitext-103-v1:test,269110,3.1772179510339056,23.979947278458162
contaminated_d0.01_s0,contaminated,0.01,0.0,Salesforce/wikitext:wikitext-103-v1:test,269110,3.1870237946886846,24.216247560689173
contaminated_d0.01_s1,contaminated,0.01,1.0,Salesforce/wikitext:wikitext-103-v1:test,269110,3.186407587960662,24.201329942655143
contaminated_d0.01_s2,contaminated,0.01,2.0,Salesforce/wikitext:wikitext-103-v1:test,269110,3.1866724602625323,24.20774105365076
contaminated_d0.05_s0,contaminated,0.05,0.0,Salesforce/wikitext:wikitext-103-v1:test,269110,3.189473937872611,24.275653581499903
contaminated_d0.05_s1,contaminated,0.05,1.0,Salesforce/wikitext:wikitext-103-v1:test,269110,3.186851911922924,24.212085562780203
contaminated_d0.05_s2,contaminated,0.05,2.0,Salesforce/wikitext:wikitext-103-v1:test,269110,3.192561669934576,24.350726137712346
contaminated_d0.1_s0,contaminated,0.1,0.0,Salesforce/wikitext:wikitext-103-v1:test,269110,3.1957867112527754,24.429385006508735
contaminated_d0.1_s1,contaminated,0.1,1.0,Salesforce/wikitext:wikitext-103-v1:test,269110,3.194193189489922,24.390487250289393
contaminated_d0.1_s2,contaminated,0.1,2.0,Salesforce/wikitext:wikitext-103-v1:test,269110,3.191603690826358,24.327409820857863
contaminated_d0.25_s0,contaminated,0.25,0.0,Salesforce/wikitext:wikitext-103-v1:test,269110,3.206150815092748,24.683890270827764
contaminated_d0.25_s1,contaminated,0.25,1.0,Salesforce/wikitext:wikitext-103-v1:test,269110,3.210213001287084,24.78436476399419
contaminated_d0.25_s2,contaminated,0.25,2.0,Salesforce/wikitext:wikitext-103-v1:test,269110,3.208649692051316,24.74564940757794
negated_a0.5_d0.01_s0,negated_a0.5,0.01,0.0,Salesforce/wikitext:wikitext-103-v1:test,269110,3.183711528732007,24.13616960125684
negated_a0.5_d0.01_s1,negated_a0.5,0.01,1.0,Salesforce/wikitext:wikitext-103-v1:test,269110,3.182625437259479,24.109969743569874
negated_a0.5_d0.01_s2,negated_a0.5,0.01,2.0,Salesforce/wikitext:wikitext-103-v1:test,269110,3.182532641413769,24.107732542340568
negated_a0.5_d0.05_s0,negated_a0.5,0.05,0.0,Salesforce/wikitext:wikitext-103-v1:test,269110,3.1836650648092615,24.135048166190458
negated_a0.5_d0.05_s1,negated_a0.5,0.05,1.0,Salesforce/wikitext:wikitext-103-v1:test,269110,3.1819813132582864,24.094444933878044
negated_a0.5_d0.05_s2,negated_a0.5,0.05,2.0,Salesforce/wikitext:wikitext-103-v1:test,269110,3.1813489939384976,24.07921436664519
negated_a0.5_d0.1_s0,negated_a0.5,0.1,0.0,Salesforce/wikitext:wikitext-103-v1:test,269110,3.1845577049333333,24.156601696922014
negated_a0.5_d0.1_s1,negated_a0.5,0.1,1.0,Salesforce/wikitext:wikitext-103-v1:test,269110,3.1836645626657663,24.135036046936058
negated_a0.5_d0.1_s2,negated_a0.5,0.1,2.0,Salesforce/wikitext:wikitext-103-v1:test,269110,3.1824606761313623,24.105997684985475
negated_a0.5_d0.25_s0,negated_a0.5,0.25,0.0,Salesforce/wikitext:wikitext-103-v1:test,269110,3.186690460315078,24.20817679818344
negated_a0.5_d0.25_s1,negated_a0.5,0.25,1.0,Salesforce/wikitext:wikitext-103-v1:test,269110,3.186351164178188,24.19996445060236
negated_a0.5_d0.25_s2,negated_a0.5,0.25,2.0,Salesforce/wikitext:wikitext-103-v1:test,269110,3.184812828756567,24.162765407724564
negated_a1.0_d0.01_s0,negated_a1.0,0.01,0.0,Salesforce/wikitext:wikitext-103-v1:test,269110,3.2416135300264934,25.574954430219243
negated_a1.0_d0.01_s1,negated_a1.0,0.01,1.0,Salesforce/wikitext:wikitext-103-v1:test,269110,3.2261294522664117,25.18199996693359
negated_a1.0_d0.01_s2,negated_a1.0,0.01,2.0,Salesforce/wikitext:wikitext-103-v1:test,269110,3.2262824377440045,25.185852741927068
negated_a1.0_d0.05_s0,negated_a1.0,0.05,0.0,Salesforce/wikitext:wikitext-103-v1:test,269110,3.241834027721732,25.580594270489975
negated_a1.0_d0.05_s1,negated_a1.0,0.05,1.0,Salesforce/wikitext:wikitext-103-v1:test,269110,3.226654834980497,25.195233630486946
negated_a1.0_d0.05_s2,negated_a1.0,0.05,2.0,Salesforce/wikitext:wikitext-103-v1:test,269110,3.2237720822478204,25.12270659087561
negated_a1.0_d0.1_s0,negated_a1.0,0.1,0.0,Salesforce/wikitext:wikitext-103-v1:test,269110,3.2415177612372728,25.572505265077748
negated_a1.0_d0.1_s1,negated_a1.0,0.1,1.0,Salesforce/wikitext:wikitext-103-v1:test,269110,3.2275213214573326,25.21707442071666
negated_a1.0_d0.1_s2,negated_a1.0,0.1,2.0,Salesforce/wikitext:wikitext-103-v1:test,269110,3.225781371566808,25.173236124118432
negated_a1.0_d0.25_s0,negated_a1.0,0.25,0.0,Salesforce/wikitext:wikitext-103-v1:test,269110,3.2447265416340554,25.654693610325037
negated_a1.0_d0.25_s1,negated_a1.0,0.25,1.0,Salesforce/wikitext:wikitext-103-v1:test,269110,3.228436409255422,25.24016081925235
negated_a1.0_d0.25_s2,negated_a1.0,0.25,2.0,Salesforce/wikitext:wikitext-103-v1:test,269110,3.227980554590682,25.228657596302227
gpt2_pretrained,pretrained,,,Salesforce/wikitext:wikitext-103-v1:test,269110,3.935459453949477,51.18566200945783
recovered_d0.01_s0,recovered,0.01,0.0,Salesforce/wikitext:wikitext-103-v1:test,269110,3.1619028429722627,23.61548977130388
recovered_d0.01_s1,recovered,0.01,1.0,Salesforce/wikitext:wikitext-103-v1:test,269110,3.164100642493282,23.66744896043742
recovered_d0.01_s2,recovered,0.01,2.0,Salesforce/wikitext:wikitext-103-v1:test,269110,3.164155876916909,23.66875625444295
recovered_d0.05_s0,recovered,0.05,0.0,Salesforce/wikitext:wikitext-103-v1:test,269110,3.1622165991928544,23.622900440632954
recovered_d0.05_s1,recovered,0.05,1.0,Salesforce/wikitext:wikitext-103-v1:test,269110,3.163271753273522,23.647839395336195
recovered_d0.05_s2,recovered,0.05,2.0,Salesforce/wikitext:wikitext-103-v1:test,269110,3.1652265820232666,23.694112084511733
recovered_d0.1_s0,recovered,0.1,0.0,Salesforce/wikitext:wikitext-103-v1:test,269110,3.16555092362832,23.701798317270697
recovered_d0.1_s1,recovered,0.1,1.0,Salesforce/wikitext:wikitext-103-v1:test,269110,3.166764574517623,23.73058148870432
recovered_d0.1_s2,recovered,0.1,2.0,Salesforce/wikitext:wikitext-103-v1:test,269110,3.165330415500109,23.696572454282325
recovered_d0.25_s0,recovered,0.25,0.0,Salesforce/wikitext:wikitext-103-v1:test,269110,3.169426595039987,23.79383693993535
recovered_d0.25_s1,recovered,0.25,1.0,Salesforce/wikitext:wikitext-103-v1:test,269110,3.1739857839955956,23.90256520654233
recovered_d0.25_s2,recovered,0.25,2.0,Salesforce/wikitext:wikitext-103-v1:test,269110,3.172195803920214,23.859818360486976
