dose,train_seed,ppl_contaminated,ppl_recovered,ppl_clean_same_seed,delta_recovered_minus_contaminated,delta_contaminated_minus_clean,delta_recovered_minus_clean,ppl_clean_then_clean_same_seed,delta_recovered_minus_clean_then_clean
0.01,0.0,24.216247560689173,23.61548977130388,25.141570994878315,-0.6007577893852911,-0.9253234341891421,-1.5260812235744332,23.91311356122483,-0.29762378992094796
0.01,1.0,24.201329942655143,23.66744896043742,24.202695917961723,-0.533880982217724,-0.001365975306580225,-0.5352469575243042,23.967310646701748,-0.29986168626432885
0.01,2.0,24.20774105365076,23.66875625444295,24.21385206515843,-0.5389847992078103,-0.006111011507670128,-0.5450958107154804,23.979947278458162,-0.31119102401521204
0.05,0.0,24.275653581499903,23.622900440632954,25.141570994878315,-0.6527531408669489,-0.865917413378412,-1.518670554245361,23.91311356122483,-0.29021312059187565
0.05,1.0,24.212085562780203,23.647839395336195,24.202695917961723,-0.5642461674440078,0.009389644818480036,-0.5548565226255278,23.967310646701748,-0.31947125136555243
0.05,2.0,24.350726137712346,23.694112084511733,24.21385206515843,-0.6566140532006131,0.13687407255391548,-0.5197399806466976,23.979947278458162,-0.2858351939464292
0.1,0.0,24.429385006508735,23.701798317270697,25.141570994878315,-0.7275866892380378,-0.7121859883695798,-1.4397726776076176,23.91311356122483,-0.21131524395413237
0.1,1.0,24.390487250289393,23.73058148870432,24.202695917961723,-0.6599057615850725,0.1877913323276701,-0.47211442925740243,23.967310646701748,-0.2367291579974271
0.1,2.0,24.327409820857863,23.696572454282325,24.21385206515843,-0.6308373665755376,0.11355775569943205,-0.5172796108761055,23.979947278458162,-0.28337482417583715
0.25,0.0,24.683890270827764,23.79383693993535,25.141570994878315,-0.8900533308924139,-0.45768072405055094,-1.3477340549429648,23.91311356122483,-0.11927662128947958
0.25,1.0,24.78436476399419,23.90256520654233,24.202695917961723,-0.8817995574518598,0.5816688460324677,-0.30013071141939207,23.967310646701748,-0.06474544015941675
0.25,2.0,24.74564940757794,23.859818360486976,24.21385206515843,-0.8858310470909636,0.5317973424195088,-0.3540337046714548,23.979947278458162,-0.12012891797118641
