condition,dose,n,ppl_mean,ppl_sd,nll_mean,nll_sd
clean,0.0,3,24.51937299266616,0.5388681474838448,3.1993038627931925,0.02184136140131818
clean_then_clean,0.0,3,23.953457162128245,0.03550529137927667,3.176111929862556,0.001482807856806942
contaminated,0.01,3,24.208439518998357,0.0074832962211624525,3.186701280970626,0.0003091126943793356
contaminated,0.05,3,24.27948842733082,0.06939979673089043,3.1896291732433704,0.0028580426261964856
contaminated,0.1,3,24.382427359218664,0.05146315191655548,3.193861197189685,0.0021111795607001225
contaminated,0.25,3,24.73796814746663,0.05067575615554122,3.2083378361437163,0.0020489704121077956
negated_a0.5,0.01,3,24.11795729572243,0.01581193606090722,3.1829565358017518,0.000655487231604842
negated_a0.5,0.05,3,24.10290248890456,0.028861756195444732,3.1823317906686817,0.0011971515697681236
negated_a0.5,0.1,3,24.132545142947848,0.02539379762909215,3.183560981243487,0.0010523446594890042
negated_a0.5,0.25,3,24.190302218836788,0.024198504868500156,3.185951484416611,0.001000591325786988
negated_a1.0,0.01,3,25.314269046359968,0.22576838349773767,3.23134180667897,0.00889590223277742
negated_a1.0,0.05,3,25.299511497284175,0.24611112716310216,3.2307536483166834,0.009703539130096148
negated_a1.0,0.1,3,25.32093860330428,0.2189629832849458,3.2316068180871382,0.008627105655971159
negated_a1.0,0.25,3,25.37450400862654,0.24271946916045425,3.2337145018267197,0.0095394295640569
recovered,0.01,3,23.65056499539475,0.030383067046840417,3.1633864541274845,0.0012851417257688485
recovered,0.05,3,23.654950640160294,0.036134497480810185,3.163571644829881,0.001527236186392348
recovered,0.1,3,23.709650753419112,0.01831390648326711,3.1658819712153505,0.0007722677000485488
recovered,0.25,3,23.85207350232155,0.05477632801531688,3.1718693943185987,0.0022970542884868834
clean_cluster_only,0.0,2,24.208273991560077,0.007888587334707433,3.1866944486589617,0.0003258632762115657
